task_id,signature_1,signature_2,n_subjects,spearman_rho
T_EMTAB7604_ER,SIG_ATNF_ARJIS5,SIG_ATNF_OSM1,43,0.7875264270613108
T_EMTAB7604_ER,SIG_ATNF_ARJIS5,SIG_CROSS_UC4,43,0.9241920869827847
T_EMTAB7604_ER,SIG_ATNF_ARJIS5,SIG_UST4_COEF,43,-0.1421020839625491
T_EMTAB7604_ER,SIG_ATNF_ARJIS5,SIG_UST_HUB4,43,0.5016611295681063
T_EMTAB7604_ER,SIG_ATNF_ARJIS5,SIG_UST_MH2,43,0.3122923588039867
T_EMTAB7604_ER,SIG_ATNF_ARJIS5,SIG_VDZ4,43,-0.12307459981878587
T_EMTAB7604_ER,SIG_ATNF_ARJIS5,SIG_VDZ_ANDO7,43,-0.22908486861975233
T_EMTAB7604_ER,SIG_ATNF_OSM1,SIG_CROSS_UC4,43,0.7571730594986409
T_EMTAB7604_ER,SIG_ATNF_OSM1,SIG_UST4_COEF,43,-0.14965267290848686
T_EMTAB7604_ER,SIG_ATNF_OSM1,SIG_UST_HUB4,43,0.5439444276653579
T_EMTAB7604_ER,SIG_ATNF_OSM1,SIG_UST_MH2,43,0.39217758985200846
T_EMTAB7604_ER,SIG_ATNF_OSM1,SIG_VDZ4,43,0.04379341588643914
T_EMTAB7604_ER,SIG_ATNF_OSM1,SIG_VDZ_ANDO7,43,-0.13953488372093023
T_EMTAB7604_ER,SIG_CROSS_UC4,SIG_UST4_COEF,43,-0.02476593174267593
T_EMTAB7604_ER,SIG_CROSS_UC4,SIG_UST_HUB4,43,0.3554817275747508
T_EMTAB7604_ER,SIG_CROSS_UC4,SIG_UST_MH2,43,0.22259136212624583
T_EMTAB7604_ER,SIG_CROSS_UC4,SIG_VDZ4,43,-0.2691029900332226
T_EMTAB7604_ER,SIG_CROSS_UC4,SIG_VDZ_ANDO7,43,-0.46602234974328
T_EMTAB7604_ER,SIG_UST4_COEF,SIG_UST_HUB4,43,-0.35170643310178196
T_EMTAB7604_ER,SIG_UST4_COEF,SIG_UST_MH2,43,0.10842645726366656
T_EMTAB7604_ER,SIG_UST4_COEF,SIG_VDZ4,43,0.1188462700090607
T_EMTAB7604_ER,SIG_UST4_COEF,SIG_VDZ_ANDO7,43,-0.07580791301721534
T_EMTAB7604_ER,SIG_UST_HUB4,SIG_UST_MH2,43,0.6874056176381758
T_EMTAB7604_ER,SIG_UST_HUB4,SIG_VDZ4,43,-0.032165508909694954
T_EMTAB7604_ER,SIG_UST_HUB4,SIG_VDZ_ANDO7,43,0.14346118997281787
T_EMTAB7604_ER,SIG_UST_MH2,SIG_VDZ4,43,0.132890365448505
T_EMTAB7604_ER,SIG_UST_MH2,SIG_VDZ_ANDO7,43,0.1543340380549683
T_EMTAB7604_ER,SIG_VDZ4,SIG_VDZ_ANDO7,43,0.5732407127755965
T_PROGECT_MH_W6,SIG_ATNF_7GENE,SIG_ATNF_ARJIS5,84,0.7562215247544801
T_PROGECT_MH_W6,SIG_ATNF_7GENE,SIG_ATNF_OSM1,84,0.36243798724309
T_PROGECT_MH_W6,SIG_ATNF_7GENE,SIG_CROSS_UC4,84,0.792811582464311
T_PROGECT_MH_W6,SIG_ATNF_7GENE,SIG_UST4_COEF,84,0.3668320340184266
T_PROGECT_MH_W6,SIG_ATNF_7GENE,SIG_UST_HUB4,84,0.1572339779285208
T_PROGECT_MH_W6,SIG_ATNF_7GENE,SIG_UST_MH2,84,0.25546218487394956
T_PROGECT_MH_W6,SIG_ATNF_7GENE,SIG_VDZ4,84,-0.16110154905335627
T_PROGECT_MH_W6,SIG_ATNF_7GENE,SIG_VDZ_ANDO7,84,-0.40566973777462795
T_PROGECT_MH_W6,SIG_ATNF_ARJIS5,SIG_ATNF_OSM1,84,0.6534777766528298
T_PROGECT_MH_W6,SIG_ATNF_ARJIS5,SIG_CROSS_UC4,84,0.9041611825453073
T_PROGECT_MH_W6,SIG_ATNF_ARJIS5,SIG_UST4_COEF,84,0.369079680064797
T_PROGECT_MH_W6,SIG_ATNF_ARJIS5,SIG_UST_HUB4,84,0.3369444163207452
T_PROGECT_MH_W6,SIG_ATNF_ARJIS5,SIG_UST_MH2,84,0.23543586109142453
T_PROGECT_MH_W6,SIG_ATNF_ARJIS5,SIG_VDZ4,84,0.041146096993014074
T_PROGECT_MH_W6,SIG_ATNF_ARJIS5,SIG_VDZ_ANDO7,84,-0.009618305153386656
T_PROGECT_MH_W6,SIG_ATNF_OSM1,SIG_CROSS_UC4,84,0.5340488002429887
T_PROGECT_MH_W6,SIG_ATNF_OSM1,SIG_UST4_COEF,84,0.32661739394553
T_PROGECT_MH_W6,SIG_ATNF_OSM1,SIG_UST_HUB4,84,0.3628429685127063
T_PROGECT_MH_W6,SIG_ATNF_OSM1,SIG_UST_MH2,84,0.10286524248253519
T_PROGECT_MH_W6,SIG_ATNF_OSM1,SIG_VDZ4,84,0.22982687050723904
T_PROGECT_MH_W6,SIG_ATNF_OSM1,SIG_VDZ_ANDO7,84,0.17440518376025108
T_PROGECT_MH_W6,SIG_CROSS_UC4,SIG_UST4_COEF,84,0.4283486888731396
T_PROGECT_MH_W6,SIG_CROSS_UC4,SIG_UST_HUB4,84,0.3618507644021464
T_PROGECT_MH_W6,SIG_CROSS_UC4,SIG_UST_MH2,84,0.29758023691404273
T_PROGECT_MH_W6,SIG_CROSS_UC4,SIG_VDZ4,84,0.0018224157132732612
T_PROGECT_MH_W6,SIG_CROSS_UC4,SIG_VDZ_ANDO7,84,-0.11643211501468057
T_PROGECT_MH_W6,SIG_UST4_COEF,SIG_UST_HUB4,84,0.6700415105801357
T_PROGECT_MH_W6,SIG_UST4_COEF,SIG_UST_MH2,84,0.5151564240153893
T_PROGECT_MH_W6,SIG_UST4_COEF,SIG_VDZ4,84,0.12220309810671257
T_PROGECT_MH_W6,SIG_UST4_COEF,SIG_VDZ_ANDO7,84,0.13327933583071783
T_PROGECT_MH_W6,SIG_UST_HUB4,SIG_UST_MH2,84,0.4065201984408221
T_PROGECT_MH_W6,SIG_UST_HUB4,SIG_VDZ4,84,0.2852283081907462
T_PROGECT_MH_W6,SIG_UST_HUB4,SIG_VDZ_ANDO7,84,0.34200668219094865
T_PROGECT_MH_W6,SIG_UST_MH2,SIG_VDZ4,84,0.11813303634706895
T_PROGECT_MH_W6,SIG_UST_MH2,SIG_VDZ_ANDO7,84,0.028996658904525664
T_PROGECT_MH_W6,SIG_VDZ4,SIG_VDZ_ANDO7,84,0.35927913334008305
T_PURSUIT_CR_W6,SIG_ATNF_7GENE,SIG_ATNF_ARJIS5,59,0.7067212156633548
T_PURSUIT_CR_W6,SIG_ATNF_7GENE,SIG_ATNF_OSM1,59,0.48404441846873175
T_PURSUIT_CR_W6,SIG_ATNF_7GENE,SIG_CROSS_UC4,59,0.7786090005844535
T_PURSUIT_CR_W6,SIG_ATNF_7GENE,SIG_UST4_COEF,59,0.41338398597311515
T_PURSUIT_CR_W6,SIG_ATNF_7GENE,SIG_UST_HUB4,59,-0.07323202805376973
T_PURSUIT_CR_W6,SIG_ATNF_7GENE,SIG_UST_MH2,59,0.1527761542957335
T_PURSUIT_CR_W6,SIG_ATNF_7GENE,SIG_VDZ_ANDO7,59,-0.4573933372296902
T_PURSUIT_CR_W6,SIG_ATNF_ARJIS5,SIG_ATNF_OSM1,59,0.6884278199883109
T_PURSUIT_CR_W6,SIG_ATNF_ARJIS5,SIG_CROSS_UC4,59,0.9003506721215664
T_PURSUIT_CR_W6,SIG_ATNF_ARJIS5,SIG_UST4_COEF,59,0.6876095850379895
T_PURSUIT_CR_W6,SIG_ATNF_ARJIS5,SIG_UST_HUB4,59,-0.012273524254821741
T_PURSUIT_CR_W6,SIG_ATNF_ARJIS5,SIG_UST_MH2,59,0.23132670952659262
T_PURSUIT_CR_W6,SIG_ATNF_ARJIS5,SIG_VDZ_ANDO7,59,-0.07510227936879019
T_PURSUIT_CR_W6,SIG_ATNF_OSM1,SIG_CROSS_UC4,59,0.7228521332554062
T_PURSUIT_CR_W6,SIG_ATNF_OSM1,SIG_UST4_COEF,59,0.5157218001168907
T_PURSUIT_CR_W6,SIG_ATNF_OSM1,SIG_UST_HUB4,59,0.13471654003506722
T_PURSUIT_CR_W6,SIG_ATNF_OSM1,SIG_UST_MH2,59,0.29210987726475746
T_PURSUIT_CR_W6,SIG_ATNF_OSM1,SIG_VDZ_ANDO7,59,-0.07977790765634132
T_PURSUIT_CR_W6,SIG_CROSS_UC4,SIG_UST4_COEF,59,0.7210987726475745
T_PURSUIT_CR_W6,SIG_CROSS_UC4,SIG_UST_HUB4,59,0.03956750438340152
T_PURSUIT_CR_W6,SIG_CROSS_UC4,SIG_UST_MH2,59,0.28375219170075977
T_PURSUIT_CR_W6,SIG_CROSS_UC4,SIG_VDZ_ANDO7,59,-0.2539450613676213
T_PURSUIT_CR_W6,SIG_UST4_COEF,SIG_UST_HUB4,59,0.3370543541788428
T_PURSUIT_CR_W6,SIG_UST4_COEF,SIG_UST_MH2,59,0.30309760374050265
T_PURSUIT_CR_W6,SIG_UST4_COEF,SIG_VDZ_ANDO7,59,-0.031385154880187026
T_PURSUIT_CR_W6,SIG_UST_HUB4,SIG_UST_MH2,59,0.542489772063121
T_PURSUIT_CR_W6,SIG_UST_HUB4,SIG_VDZ_ANDO7,59,0.2038573933372297
T_PURSUIT_CR_W6,SIG_UST_MH2,SIG_VDZ_ANDO7,59,-0.0897136177673875
T_UNIFI_MH_W8,SIG_ATNF_7GENE,SIG_ATNF_ARJIS5,358,0.7760522051680261
T_UNIFI_MH_W8,SIG_ATNF_7GENE,SIG_ATNF_OSM1,358,0.6188423954125643
T_UNIFI_MH_W8,SIG_ATNF_7GENE,SIG_CROSS_UC4,358,0.7978964200485441
T_UNIFI_MH_W8,SIG_ATNF_7GENE,SIG_UST4_COEF,358,0.2847836011203784
T_UNIFI_MH_W8,SIG_ATNF_7GENE,SIG_UST_HUB4,358,-0.14211620441270298
T_UNIFI_MH_W8,SIG_ATNF_7GENE,SIG_UST_MH2,358,0.1009973899769833
T_UNIFI_MH_W8,SIG_ATNF_7GENE,SIG_VDZ_ANDO7,358,-0.26061875552418257
T_UNIFI_MH_W8,SIG_ATNF_ARJIS5,SIG_ATNF_OSM1,358,0.6868618829056965
T_UNIFI_MH_W8,SIG_ATNF_ARJIS5,SIG_CROSS_UC4,358,0.9132696635399309
T_UNIFI_MH_W8,SIG_ATNF_ARJIS5,SIG_UST4_COEF,358,0.4016494445773205
T_UNIFI_MH_W8,SIG_ATNF_ARJIS5,SIG_UST_HUB4,358,-0.035694899176271555
T_UNIFI_MH_W8,SIG_ATNF_ARJIS5,SIG_UST_MH2,358,0.03931014524668896
T_UNIFI_MH_W8,SIG_ATNF_ARJIS5,SIG_VDZ_ANDO7,358,0.05992669861707619
T_UNIFI_MH_W8,SIG_ATNF_OSM1,SIG_CROSS_UC4,358,0.6946056447717788
T_UNIFI_MH_W8,SIG_ATNF_OSM1,SIG_UST4_COEF,358,0.2424698333352627
T_UNIFI_MH_W8,SIG_ATNF_OSM1,SIG_UST_HUB4,358,-0.03567646304785044
T_UNIFI_MH_W8,SIG_ATNF_OSM1,SIG_UST_MH2,358,0.005400115613081826
T_UNIFI_MH_W8,SIG_ATNF_OSM1,SIG_VDZ_ANDO7,358,-0.07656525708545335
T_UNIFI_MH_W8,SIG_CROSS_UC4,SIG_UST4_COEF,358,0.4250655055754114
T_UNIFI_MH_W8,SIG_CROSS_UC4,SIG_UST_HUB4,358,-0.03310933000516931
T_UNIFI_MH_W8,SIG_CROSS_UC4,SIG_UST_MH2,358,0.05114057574290979
T_UNIFI_MH_W8,SIG_CROSS_UC4,SIG_VDZ_ANDO7,358,-0.04858089887890233
T_UNIFI_MH_W8,SIG_UST4_COEF,SIG_UST_HUB4,358,0.3769777374543599
T_UNIFI_MH_W8,SIG_UST4_COEF,SIG_UST_MH2,358,0.22395289483185626
T_UNIFI_MH_W8,SIG_UST4_COEF,SIG_VDZ_ANDO7,358,0.23913598678916953
T_UNIFI_MH_W8,SIG_UST_HUB4,SIG_UST_MH2,358,0.5505173949880601
T_UNIFI_MH_W8,SIG_UST_HUB4,SIG_VDZ_ANDO7,358,0.3943043985929754
T_UNIFI_MH_W8,SIG_UST_MH2,SIG_VDZ_ANDO7,358,0.14063589675455623
T_UNIFI_REM_W8,SIG_ATNF_7GENE,SIG_ATNF_ARJIS5,364,0.7709729871622774
T_UNIFI_REM_W8,SIG_ATNF_7GENE,SIG_ATNF_OSM1,364,0.611484195224714
T_UNIFI_REM_W8,SIG_ATNF_7GENE,SIG_CROSS_UC4,364,0.7946287834208133
T_UNIFI_REM_W8,SIG_ATNF_7GENE,SIG_UST4_COEF,364,0.2904736608348065
T_UNIFI_REM_W8,SIG_ATNF_7GENE,SIG_UST_HUB4,364,-0.13606493133267727
T_UNIFI_REM_W8,SIG_ATNF_7GENE,SIG_UST_MH2,364,0.109411883259953
T_UNIFI_REM_W8,SIG_ATNF_7GENE,SIG_VDZ_ANDO7,364,-0.2601475734726046
T_UNIFI_REM_W8,SIG_ATNF_ARJIS5,SIG_ATNF_OSM1,364,0.6866473928716
T_UNIFI_REM_W8,SIG_ATNF_ARJIS5,SIG_CROSS_UC4,364,0.91317399910177
T_UNIFI_REM_W8,SIG_ATNF_ARJIS5,SIG_UST4_COEF,364,0.4062363539324934
T_UNIFI_REM_W8,SIG_ATNF_ARJIS5,SIG_UST_HUB4,364,-0.026214383375030948
T_UNIFI_REM_W8,SIG_ATNF_ARJIS5,SIG_UST_MH2,364,0.04727402112209086
T_UNIFI_REM_W8,SIG_ATNF_ARJIS5,SIG_VDZ_ANDO7,364,0.0649519845036657
T_UNIFI_REM_W8,SIG_ATNF_OSM1,SIG_CROSS_UC4,364,0.6938694365329228
T_UNIFI_REM_W8,SIG_ATNF_OSM1,SIG_UST4_COEF,364,0.24809040573936733
T_UNIFI_REM_W8,SIG_ATNF_OSM1,SIG_UST_HUB4,364,-0.0256814185616015
T_UNIFI_REM_W8,SIG_ATNF_OSM1,SIG_UST_MH2,364,0.012772533367786247
T_UNIFI_REM_W8,SIG_ATNF_OSM1,SIG_VDZ_ANDO7,364,-0.07455583485977517
T_UNIFI_REM_W8,SIG_CROSS_UC4,SIG_UST4_COEF,364,0.4338189830095185
T_UNIFI_REM_W8,SIG_CROSS_UC4,SIG_UST_HUB4,364,-0.020941698401225176
T_UNIFI_REM_W8,SIG_CROSS_UC4,SIG_UST_MH2,364,0.06387261555381107
T_UNIFI_REM_W8,SIG_CROSS_UC4,SIG_VDZ_ANDO7,364,-0.04549099717219269
T_UNIFI_REM_W8,SIG_UST4_COEF,SIG_UST_HUB4,364,0.38704259625803833
T_UNIFI_REM_W8,SIG_UST4_COEF,SIG_UST_MH2,364,0.23953779719657678
T_UNIFI_REM_W8,SIG_UST4_COEF,SIG_VDZ_ANDO7,364,0.2379876661321244
T_UNIFI_REM_W8,SIG_UST_HUB4,SIG_UST_MH2,364,0.5534012687188279
T_UNIFI_REM_W8,SIG_UST_HUB4,SIG_VDZ_ANDO7,364,0.39171662708399946
T_UNIFI_REM_W8,SIG_UST_MH2,SIG_VDZ_ANDO7,364,0.13807263720090618
T_UNITI2_CR_W8,SIG_ATNF_7GENE,SIG_ATNF_ARJIS5,86,0.5788291900561348
T_UNITI2_CR_W8,SIG_ATNF_7GENE,SIG_ATNF_OSM1,86,0.4651068446624841
T_UNITI2_CR_W8,SIG_ATNF_7GENE,SIG_CROSS_UC4,86,0.7417991414689372
T_UNITI2_CR_W8,SIG_ATNF_7GENE,SIG_VDZ_ANDO7,86,-0.29300438699938675
T_UNITI2_CR_W8,SIG_ATNF_ARJIS5,SIG_ATNF_OSM1,86,0.4721826501250059
T_UNITI2_CR_W8,SIG_ATNF_ARJIS5,SIG_CROSS_UC4,86,0.7970470305203076
T_UNITI2_CR_W8,SIG_ATNF_ARJIS5,SIG_VDZ_ANDO7,86,-0.15975281852917592
T_UNITI2_CR_W8,SIG_ATNF_OSM1,SIG_CROSS_UC4,86,0.3506297466861644
T_UNITI2_CR_W8,SIG_ATNF_OSM1,SIG_VDZ_ANDO7,86,0.004330392943063352
T_UNITI2_CR_W8,SIG_CROSS_UC4,SIG_VDZ_ANDO7,86,-0.23647341855747914
