dataset_id,source_url,remote_file,local_file,remote_size,local_size,sha256,file_type,raw_or_processed,download_date,readable,n_rows,n_columns,used_phase0,status,notes
E-MTAB-7604,recorded in repository metadata or retrieval script,E-MTAB-7604_biostudies.json,data/raw/arrayexpress_metadata/E-MTAB-7604_biostudies.json,,27855,5d56f9979bb98e5558694b55d8c9fc4232e9c75bef39d14fc5e13e2b7e395039,json,metadata/raw,2026-08-31,TRUE,,,TRUE,OK,
E-MTAB-7604,recorded in repository metadata or retrieval script,E-MTAB-7604_E-MTAB-7604.idf.txt,data/raw/arrayexpress_metadata/E-MTAB-7604_E-MTAB-7604.idf.txt,,3890,566b7df46c9c5dd68839b2d41ca069435fa4442e30be120b74177bc237d948b4,txt,metadata/raw,2026-08-31,TRUE,,,TRUE,OK,
E-MTAB-7604,recorded in repository metadata or retrieval script,E-MTAB-7604_E-MTAB-7604.sdrf.txt,data/raw/arrayexpress_metadata/E-MTAB-7604_E-MTAB-7604.sdrf.txt,,34888,409fca920a405bd56a135cbfe2536577dd490f4d743f702de61f8b780b08083e,txt,metadata/raw,2026-08-31,TRUE,,,TRUE,OK,
E-MTAB-7845,recorded in repository metadata or retrieval script,E-MTAB-7845_biostudies.json,data/raw/arrayexpress_metadata/E-MTAB-7845_biostudies.json,,17011,78b9393cfae6ebe157740a7970a70ec1a6dae11f76a96f60b0d2156dcb193647,json,metadata/raw,2026-08-31,TRUE,,,TRUE,OK,
E-MTAB-7845,recorded in repository metadata or retrieval script,E-MTAB-7845_E-MTAB-7845.idf.txt,data/raw/arrayexpress_metadata/E-MTAB-7845_E-MTAB-7845.idf.txt,,4765,11a30c5fdfc1ee6fba9e6a4570ac2cfc77f2a9daad5b3e61e9b877083cbabca6,txt,metadata/raw,2026-08-31,TRUE,,,TRUE,OK,
E-MTAB-7845,recorded in repository metadata or retrieval script,E-MTAB-7845_E-MTAB-7845.sdrf.txt,data/raw/arrayexpress_metadata/E-MTAB-7845_E-MTAB-7845.sdrf.txt,,36098,26372326ca8d144a612023536510620468ecbe116627211b2e65682f24d57ec4,txt,metadata/raw,2026-08-31,TRUE,,,TRUE,OK,
MULTIPLE,recorded in repository metadata or retrieval script,geo_file_manifest.csv,data/raw/geo_metadata/geo_file_manifest.csv,,522,84111a6f411a179b3a2b5e4d8946c01f09ace01fda2f9f065faf1f07433264f7,csv,metadata/raw,2026-08-31,TRUE,,,TRUE,OK,
GSE100833,recorded in repository metadata or retrieval script,GSE100833_family.soft.gz,data/raw/geo_metadata/GSE100833_family.soft.gz,,704379835,47c740d108a3201862701cc9fab2c3d4a064198e53ef20d73bccd707c52f5abd,gz,metadata/raw,2026-08-31,TRUE,,,TRUE,OK,
GSE100833,recorded in repository metadata or retrieval script,GSE100833_parsed.json,data/raw/geo_metadata/GSE100833_parsed.json,,6852908,efc1a841bcd873d2b89b970ed6218cb295cdece4a5ca91ce66ce4e78acddc3f4,json,metadata/raw,2026-08-31,TRUE,,,TRUE,OK,
GSE100833,recorded in repository metadata or retrieval script,GSE100833_samples.csv,data/raw/geo_metadata/GSE100833_samples.csv,,4815567,7a8dac766520ba7dad3f1cb864c14a136534133595c0f1b7814ecafc98f233a0,csv,metadata/raw,2026-08-31,TRUE,,,TRUE,OK,
GSE107865,recorded in repository metadata or retrieval script,GSE107865_family.soft.gz,data/raw/geo_metadata/GSE107865_family.soft.gz,,13615922,74f0735584616ed240531c096b5bfe2710f5d0f6c70d0ef5cfc2a1e222a892f2,gz,metadata/raw,2026-08-31,TRUE,,,TRUE,OK,
GSE107865,recorded in repository metadata or retrieval script,GSE107865_parsed.json,data/raw/geo_metadata/GSE107865_parsed.json,,120305,b5a0911dbef3c75878d99b2b1bd1bd36874d18120ed30d145617e0016b336af3,json,metadata/raw,2026-08-31,TRUE,,,TRUE,OK,
GSE107865,recorded in repository metadata or retrieval script,GSE107865_samples.csv,data/raw/geo_metadata/GSE107865_samples.csv,,90884,18af4b2508ec88b78e222b88c3ae9f4e673211964b10c2db1fc1af355082e369,csv,metadata/raw,2026-08-31,TRUE,,,TRUE,OK,
GSE112366,recorded in repository metadata or retrieval script,GSE112366_family.soft.gz,data/raw/geo_metadata/GSE112366_family.soft.gz,,134499985,df039f4802d02311c66d4085f9cef1e1636794911147317267ccefa7caca5fac,gz,metadata/raw,2026-08-31,TRUE,,,TRUE,OK,
GSE112366,recorded in repository metadata or retrieval script,GSE112366_parsed.json,data/raw/geo_metadata/GSE112366_parsed.json,,994463,db93d7840a3335cdba8c378aa604ae76624f6a050876fdb9c51a987ca2ef15cc,json,metadata/raw,2026-08-31,TRUE,,,TRUE,OK,
GSE112366,recorded in repository metadata or retrieval script,GSE112366_samples.csv,data/raw/geo_metadata/GSE112366_samples.csv,,518425,c3d988804e65aec9ff28e7bc181146dc9178d427853fc5e890d81651e798b6be,csv,metadata/raw,2026-08-31,TRUE,,,TRUE,OK,
GSE12251,recorded in repository metadata or retrieval script,GSE12251_family.soft.gz,data/raw/geo_metadata/GSE12251_family.soft.gz,,22044153,c33fa0ce16e34c5aa54242e9b6b9ef3c5bf98a22d76b456d4506e5c475559839,gz,metadata/raw,2026-08-31,TRUE,,,TRUE,OK,
GSE12251,recorded in repository metadata or retrieval script,GSE12251_parsed.json,data/raw/geo_metadata/GSE12251_parsed.json,,56203,da7ff224aeaadf5b91bfdd5e08027ffae77a64ecc98dc64813927345df8fc71a,json,metadata/raw,2026-08-31,TRUE,,,TRUE,OK,
GSE12251,recorded in repository metadata or retrieval script,GSE12251_samples.csv,data/raw/geo_metadata/GSE12251_samples.csv,,28082,36913250cf8c23cde7b2a42c85c92ee4fff189a74fd5098394dcaeb75096ff89,csv,metadata/raw,2026-08-31,TRUE,,,TRUE,OK,
GSE14580,recorded in repository metadata or retrieval script,GSE14580_family.soft.gz,data/raw/geo_metadata/GSE14580_family.soft.gz,,19049225,ab3f38adb6f3178ba37b20dfa5903eba5f2afc08804fd649cf6ffda3bcec26f8,gz,metadata/raw,2026-08-31,TRUE,,,TRUE,OK,
GSE14580,recorded in repository metadata or retrieval script,GSE14580_parsed.json,data/raw/geo_metadata/GSE14580_parsed.json,,103557,e1ea1456219d7bd9f4f17831c3375efb3152cd51bff3ad8ebc91879030267936,json,metadata/raw,2026-08-31,TRUE,,,TRUE,OK,
GSE14580,recorded in repository metadata or retrieval script,GSE14580_samples.csv,data/raw/geo_metadata/GSE14580_samples.csv,,63715,732418c1bf7e509e408c923652a74c1e9f8f54fc061a90c71e6adefb4f5f21b6,csv,metadata/raw,2026-08-31,TRUE,,,TRUE,OK,
GSE16879,recorded in repository metadata or retrieval script,GSE16879_family.soft.gz,data/raw/geo_metadata/GSE16879_family.soft.gz,,44575037,3ebb43cdd1e52217afabde5c2cca572e15d8c91089bd1dfd7a08ce9ba04f0c19,gz,metadata/raw,2026-08-31,TRUE,,,TRUE,OK,
GSE16879,recorded in repository metadata or retrieval script,GSE16879_parsed.json,data/raw/geo_metadata/GSE16879_parsed.json,,445850,609f77191c7d8b09c79eb52af462654cea1bcc8439917ca93f241ec1d476ecd8,json,metadata/raw,2026-08-31,TRUE,,,TRUE,OK,
GSE16879,recorded in repository metadata or retrieval script,GSE16879_samples.csv,data/raw/geo_metadata/GSE16879_samples.csv,,279524,cc850f4d53925362e44d37fc6eae43457b61669ad3baf7cd51f5116f9b90db79,csv,metadata/raw,2026-08-31,TRUE,,,TRUE,OK,
GSE171770,recorded in repository metadata or retrieval script,GSE171770_family.soft.gz,data/raw/geo_metadata/GSE171770_family.soft.gz,,12608,51076dd52fdf46c70913f9c9e2cb67f8197669da4f177fe87925038468a3df43,gz,metadata/raw,2026-08-31,TRUE,,,TRUE,OK,
GSE171770,recorded in repository metadata or retrieval script,GSE171770_parsed.json,data/raw/geo_metadata/GSE171770_parsed.json,,582306,15d08f9db589870de1f664edcc6e756071bdcf6cf594018695c8865a59c94603,json,metadata/raw,2026-08-31,TRUE,,,TRUE,OK,
GSE171770,recorded in repository metadata or retrieval script,GSE171770_samples.csv,data/raw/geo_metadata/GSE171770_samples.csv,,320172,95c480a4502364ea1021956c6c831acda0fd6a8c273e649a6921af864e9efe19,csv,metadata/raw,2026-08-31,TRUE,,,TRUE,OK,
GSE206285,recorded in repository metadata or retrieval script,GSE206285_family.soft.gz,data/raw/geo_metadata/GSE206285_family.soft.gz,,191586944,c9d021c4f46f97f2100d8757b68138352b671a3bec04825d17295f1f412d105a,gz,metadata/raw,2026-08-31,TRUE,,,TRUE,OK,
GSE206285,recorded in repository metadata or retrieval script,GSE206285_parsed.json,data/raw/geo_metadata/GSE206285_parsed.json,,1375773,f1da70e32e0d93ca72ec80230913959d66d4d19888ddda914e2f9db3e0a3333f,json,metadata/raw,2026-08-31,TRUE,,,TRUE,OK,
GSE206285,recorded in repository metadata or retrieval script,GSE206285_samples.csv,data/raw/geo_metadata/GSE206285_samples.csv,,716569,31477c3a88de0d229e58677b0c9a4fc8fcc8823598a8e278721a113d5c32e993,csv,metadata/raw,2026-08-31,TRUE,,,TRUE,OK,
GSE207022,recorded in repository metadata or retrieval script,GSE207022_family.soft.gz,data/raw/geo_metadata/GSE207022_family.soft.gz,,44812968,05cb8db1344b6f2e7b6e831a143a5897ea7c60d4bca7f8009893ddc504247ed9,gz,metadata/raw,2026-08-31,TRUE,,,TRUE,OK,
GSE207022,recorded in repository metadata or retrieval script,GSE207022_parsed.json,data/raw/geo_metadata/GSE207022_parsed.json,,355407,23cd8be1c08871231cc4a8870dd8c9736db4b51474ab505ef0098bf0e12f7919,json,metadata/raw,2026-08-31,TRUE,,,TRUE,OK,
GSE207022,recorded in repository metadata or retrieval script,GSE207022_samples.csv,data/raw/geo_metadata/GSE207022_samples.csv,,182178,5b6946f3fe6b6ef6d787beeefaa3bba5ae40f89b350081b0d61cd399988dce97,csv,metadata/raw,2026-08-31,TRUE,,,TRUE,OK,
GSE207465,recorded in repository metadata or retrieval script,GSE207465_family.soft.gz,data/raw/geo_metadata/GSE207465_family.soft.gz,,563644346,98a99b8974d8b1de7b17dbd52eca1ffd977c2af15fe3d91e0dad30d0c997db10,gz,metadata/raw,2026-08-31,TRUE,,,TRUE,OK,
GSE207465,recorded in repository metadata or retrieval script,GSE207465_parsed.json,data/raw/geo_metadata/GSE207465_parsed.json,,3941412,67cd0dccf3c708e5a250f9a20356879559da8d04c76d10c392bc201e6ee973c0,json,metadata/raw,2026-08-31,TRUE,,,TRUE,OK,
GSE207465,recorded in repository metadata or retrieval script,GSE207465_samples.csv,data/raw/geo_metadata/GSE207465_samples.csv,,1766647,66a3536f258d810c67ea4ea215efc739adab17c923ab6e3b7270ec6da019bd2f,csv,metadata/raw,2026-08-31,TRUE,,,TRUE,OK,
GSE212849,recorded in repository metadata or retrieval script,GSE212849_family.soft.gz,data/raw/geo_metadata/GSE212849_family.soft.gz,,51100957,37b502f77433906b3a81865b40c881275bc4ff1e7807ce91aa2e74922dae2520,gz,metadata/raw,2026-08-31,TRUE,,,TRUE,OK,
GSE212849,recorded in repository metadata or retrieval script,GSE212849_parsed.json,data/raw/geo_metadata/GSE212849_parsed.json,,201772,425961432e2b785e20f58e8c2911db4dfde9c398bd77074baa59a108a81b18d2,json,metadata/raw,2026-08-31,TRUE,,,TRUE,OK,
GSE212849,recorded in repository metadata or retrieval script,GSE212849_samples.csv,data/raw/geo_metadata/GSE212849_samples.csv,,102267,941b2a74b0340a89cd46171a9261f9d0a13f6e1cf6a5a1d75ac595481b414e6b,csv,metadata/raw,2026-08-31,TRUE,,,TRUE,OK,
GSE234736,recorded in repository metadata or retrieval script,GSE234736_family.soft.gz,data/raw/geo_metadata/GSE234736_family.soft.gz,,7751,a570dbdad0fb3ef2b348a8113fa1511cad64244c8e52e4c1259fc434ab4d72b3,gz,metadata/raw,2026-08-31,TRUE,,,TRUE,OK,
GSE234736,recorded in repository metadata or retrieval script,GSE234736_parsed.json,data/raw/geo_metadata/GSE234736_parsed.json,,333608,144ab875e6cde80d2eb018106ca9338df95527e806c6865dff4a322a9e4c7989,json,metadata/raw,2026-08-31,TRUE,,,TRUE,OK,
GSE234736,recorded in repository metadata or retrieval script,GSE234736_samples.csv,data/raw/geo_metadata/GSE234736_samples.csv,,201938,5150df9f7ca4a11ebcc28e975ac72f6d6b3a75ac98bd7d30cfe7bddc9082fd46,csv,metadata/raw,2026-08-31,TRUE,,,TRUE,OK,
GSE23597,recorded in repository metadata or retrieval script,GSE23597_family.soft.gz,data/raw/geo_metadata/GSE23597_family.soft.gz,,62836907,34063d56e651ae550b615f74543ec4101e1eb7dec58e2b10c271320d2fdb1b72,gz,metadata/raw,2026-08-31,TRUE,,,TRUE,OK,
GSE23597,recorded in repository metadata or retrieval script,GSE23597_parsed.json,data/raw/geo_metadata/GSE23597_parsed.json,,284134,f034ee379e007a68d58a6dd1e89b9e2d0506a5f4731aa7a4534706fbb0c81dea,json,metadata/raw,2026-08-31,TRUE,,,TRUE,OK,
GSE23597,recorded in repository metadata or retrieval script,GSE23597_samples.csv,data/raw/geo_metadata/GSE23597_samples.csv,,148023,ca51f86bc34f5ef2ae81a3809b9d413705fedb20f4febc34058e33aabb9f0b2d,csv,metadata/raw,2026-08-31,TRUE,,,TRUE,OK,
GSE282580,recorded in repository metadata or retrieval script,GSE282580_family.soft.gz,data/raw/geo_metadata/GSE282580_family.soft.gz,,4126,b46431c2a39071e6ed3192c90f101f8e531c0a7701a8bbb28302aaa27015fe3d,gz,metadata/raw,2026-08-31,TRUE,,,TRUE,OK,
GSE282580,recorded in repository metadata or retrieval script,GSE282580_parsed.json,data/raw/geo_metadata/GSE282580_parsed.json,,134775,d8662496256926a833cbfae17e475e768511a42e7dfd2ffbf537a2feefa72c75,json,metadata/raw,2026-08-31,TRUE,,,TRUE,OK,
GSE282580,recorded in repository metadata or retrieval script,GSE282580_samples.csv,data/raw/geo_metadata/GSE282580_samples.csv,,55775,1a0148d73b71e5645bed23f7444386bf1ff0788f6f0fbd8f592f301932dbe7a5,csv,metadata/raw,2026-08-31,TRUE,,,TRUE,OK,
GSE42296,recorded in repository metadata or retrieval script,GSE42296_family.soft.gz,data/raw/geo_metadata/GSE42296_family.soft.gz,,30061684,c96e8dfcda790f6e00c0e503ad97ec3134e1bffa23e0e0c2166b9333274065ed,gz,metadata/raw,2026-08-31,TRUE,,,TRUE,OK,
GSE42296,recorded in repository metadata or retrieval script,GSE42296_parsed.json,data/raw/geo_metadata/GSE42296_parsed.json,,215211,945baac91be3f0bc7589359f75318a0e350b450456a4ce398f40c6d504cfd9e0,json,metadata/raw,2026-08-31,TRUE,,,TRUE,OK,
GSE42296,recorded in repository metadata or retrieval script,GSE42296_samples.csv,data/raw/geo_metadata/GSE42296_samples.csv,,115042,05a85722491e3c9dd540e0568ae809a840fc551456f2893e59bbbf9019b77c76,csv,metadata/raw,2026-08-31,TRUE,,,TRUE,OK,
GSE52746,recorded in repository metadata or retrieval script,GSE52746_family.soft.gz,data/raw/geo_metadata/GSE52746_family.soft.gz,,4017264,5ad4539f69a9b1edd2523d8496a23256533d808dc50bec26fe98bf03333a8538,gz,metadata/raw,2026-08-31,TRUE,,,TRUE,OK,
GSE52746,recorded in repository metadata or retrieval script,GSE52746_parsed.json,data/raw/geo_metadata/GSE52746_parsed.json,,95077,34ee1570b38dcc88f990ee83e9c00e5e5158afe4c9d39c67b2d8ab01deaf1bca,json,metadata/raw,2026-08-31,TRUE,,,TRUE,OK,
GSE52746,recorded in repository metadata or retrieval script,GSE52746_samples.csv,data/raw/geo_metadata/GSE52746_samples.csv,,47017,064349cbf2cbb0d07643215e78c765951e8f49088c7e3d017b6ab423b7660d53,csv,metadata/raw,2026-08-31,TRUE,,,TRUE,OK,
GSE73661,recorded in repository metadata or retrieval script,GSE73661_family.soft.gz,data/raw/geo_metadata/GSE73661_family.soft.gz,,62021934,04a865ba892695471bbff1df67197a7a4d4cc2f1d75728eb194838312b1af1e0,gz,metadata/raw,2026-08-31,TRUE,,,TRUE,OK,
GSE73661,recorded in repository metadata or retrieval script,GSE73661_parsed.json,data/raw/geo_metadata/GSE73661_parsed.json,,492138,a83eed29ceade8a43f04762fa4b462bb85dd34d1445f13016d9bad16573bb1b4,json,metadata/raw,2026-08-31,TRUE,,,TRUE,OK,
GSE73661,recorded in repository metadata or retrieval script,GSE73661_samples.csv,data/raw/geo_metadata/GSE73661_samples.csv,,275296,2d74f39884f6f28e18faa2ad3002fc8f7020595a76713cf4b19a95711fc387a2,csv,metadata/raw,2026-08-31,TRUE,,,TRUE,OK,
GSE92415,recorded in repository metadata or retrieval script,GSE92415_family.soft.gz,data/raw/geo_metadata/GSE92415_family.soft.gz,,68096715,dd1bd02db0403121818ce0163522b2e7a266c52676d4cda3af39fa5785fa15cb,gz,metadata/raw,2026-08-31,TRUE,,,TRUE,OK,
GSE92415,recorded in repository metadata or retrieval script,GSE92415_parsed.json,data/raw/geo_metadata/GSE92415_parsed.json,,527025,6b9ce0980ff05769f05971ced972b908734fbfd0b65c70678a346d26b32b115c,json,metadata/raw,2026-08-31,TRUE,,,TRUE,OK,
GSE92415,recorded in repository metadata or retrieval script,GSE92415_samples.csv,data/raw/geo_metadata/GSE92415_samples.csv,,305135,53fe66293f03de29fecc246851c669618145d2f89ac93f1c9e38ed0532e66c4f,csv,metadata/raw,2026-08-31,TRUE,,,TRUE,OK,
MULTIPLE,recorded in repository metadata or retrieval script,PMC12896092.fetch.json,data/raw/literature/PMC12896092.fetch.json,,330,716d345caedb08d38471b8ec50fd32d6ce831832e1bbe43f870bd748dc7e39b8,json,metadata/raw,2026-08-31,TRUE,,,TRUE,OK,
MULTIPLE,recorded in repository metadata or retrieval script,PMC12896092.xml,data/raw/literature/PMC12896092.xml,,111574,977d93d26eb455e28bff5b6808263aa4a6ed64ce68cd9b75edb99304717e92a2,xml,metadata/raw,2026-08-31,TRUE,,,TRUE,OK,
MULTIPLE,recorded in repository metadata or retrieval script,PMC6413341.fetch.json,data/raw/literature/PMC6413341.fetch.json,,326,7b40e1b7af48b0d1b2d86dc8fa44dc4fda97a96b81f1482ef79f14c72d35f764,json,metadata/raw,2026-08-31,TRUE,,,TRUE,OK,
MULTIPLE,recorded in repository metadata or retrieval script,PMC6413341.xml,data/raw/literature/PMC6413341.xml,,96030,5aef8e00cd98b0d08fbe44b9df8b190f3a4f189b5012ab760e2f832617ff22f9,xml,metadata/raw,2026-08-31,TRUE,,,TRUE,OK,
MULTIPLE,recorded in repository metadata or retrieval script,PMC6580771.fetch.json,data/raw/literature/PMC6580771.fetch.json,,327,80c68022cd81c487dd9240b66882c2f9fd9d6fe4f61ac98ab77e7a1e53ed7939,json,metadata/raw,2026-08-31,TRUE,,,TRUE,OK,
MULTIPLE,recorded in repository metadata or retrieval script,PMC6580771.html,data/raw/literature/PMC6580771.html,,225987,6726c952f0cd4575335bf03bb39daff8b3797b252290f8876a37b591fa5de40c,html,metadata/raw,2026-08-31,TRUE,,,TRUE,OK,
MULTIPLE,recorded in repository metadata or retrieval script,PMC6580771.xml,data/raw/literature/PMC6580771.xml,,123259,3b69e381f340e7c2a2f50342b15d52486e62e15e766d479712eb70d356c7db31,xml,metadata/raw,2026-08-31,TRUE,,,TRUE,OK,
MULTIPLE,recorded in repository metadata or retrieval script,PMC7196933.fetch.json,data/raw/literature/PMC7196933.fetch.json,,327,23a8379268b4d47ff09b53681aea223fc97d3b76b612f40ec882f5c265258061,json,metadata/raw,2026-08-31,TRUE,,,TRUE,OK,
MULTIPLE,recorded in repository metadata or retrieval script,PMC7196933.xml,data/raw/literature/PMC7196933.xml,,169827,96e3d57530f6f95866f1ae3155875e0b37f8ccef672a566f720ebd4ab0ab66e0,xml,metadata/raw,2026-08-31,TRUE,,,TRUE,OK,
MULTIPLE,recorded in repository metadata or retrieval script,PMC8534494.fetch.json,data/raw/literature/PMC8534494.fetch.json,,327,72ae9fb48e7e414510349ac06cccd03f8afb2a804ce366f1a9f26925c12dad7d,json,metadata/raw,2026-08-31,TRUE,,,TRUE,OK,
MULTIPLE,recorded in repository metadata or retrieval script,PMC8534494.xml,data/raw/literature/PMC8534494.xml,,113362,4912366044c1330c56d357db1e0c6571a6d1370e24da3cbebd7aa01c4d02b5e0,xml,metadata/raw,2026-08-31,TRUE,,,TRUE,OK,
MULTIPLE,recorded in repository metadata or retrieval script,PMC8589399.fetch.json,data/raw/literature/PMC8589399.fetch.json,,327,70519834c04d9fbc7a2c130f5fbb4f1f90fbd858ed3e56eec8f4355d5fe1691b,json,metadata/raw,2026-08-31,TRUE,,,TRUE,OK,
MULTIPLE,recorded in repository metadata or retrieval script,PMC8589399.xml,data/raw/literature/PMC8589399.xml,,100568,31c43db8a412a4160ec42a073e7198f54413664e2b1dbd2d9f5612604f1c20d1,xml,metadata/raw,2026-08-31,TRUE,,,TRUE,OK,
GSE12251,recorded in repository metadata or retrieval script,GSE12251_GSM307886.CEL.gz,data/raw/representative_expression/act1_overlap_cel/GSE12251_GSM307886.CEL.gz,,5188819,f1e69f02bd98562d7da6aed31db8184c9cece4887f1d31c8ba8d081beec2d785,gz,metadata/raw,2026-08-31,TRUE,,,TRUE,OK,CEL gzip readability smoke test
GSE12251,recorded in repository metadata or retrieval script,GSE12251_GSM307887.CEL.gz,data/raw/representative_expression/act1_overlap_cel/GSE12251_GSM307887.CEL.gz,,5605066,1204a25ad1c22dcbb7ae9d13ad872cc30d250ba1b966090beac7291cb9b7ed38,gz,metadata/raw,2026-08-31,TRUE,,,TRUE,OK,CEL gzip readability smoke test
GSE12251,recorded in repository metadata or retrieval script,GSE12251_GSM307888.CEL.gz,data/raw/representative_expression/act1_overlap_cel/GSE12251_GSM307888.CEL.gz,,5515566,5fdb1bdd1e9a41d68e9461d84d91acf3af217aba6474995862663a4e79bde58c,gz,metadata/raw,2026-08-31,TRUE,,,TRUE,OK,CEL gzip readability smoke test
GSE12251,recorded in repository metadata or retrieval script,GSE12251_GSM307889.CEL.gz,data/raw/representative_expression/act1_overlap_cel/GSE12251_GSM307889.CEL.gz,,5654010,73e2fcad140fd6cafa8083bf1da6ed999176b699fd5c4d9663a558c64b47a5c3,gz,metadata/raw,2026-08-31,TRUE,,,TRUE,OK,CEL gzip readability smoke test
GSE12251,recorded in repository metadata or retrieval script,GSE12251_GSM307890.CEL.gz,data/raw/representative_expression/act1_overlap_cel/GSE12251_GSM307890.CEL.gz,,5396288,4bbc906fb575ae3370c10a0acb054ceb2935fba0b90f1752cbaa3b82b79c9e0c,gz,metadata/raw,2026-08-31,TRUE,,,TRUE,OK,CEL gzip readability smoke test
GSE12251,recorded in repository metadata or retrieval script,GSE12251_GSM307891.CEL.gz,data/raw/representative_expression/act1_overlap_cel/GSE12251_GSM307891.CEL.gz,,5538716,2acd9194268e89a39e62e4efcb1b94390c9bf7b3bc307e710761ab1e4382b644,gz,metadata/raw,2026-08-31,TRUE,,,TRUE,OK,CEL gzip readability smoke test
GSE12251,recorded in repository metadata or retrieval script,GSE12251_GSM307892.CEL.gz,data/raw/representative_expression/act1_overlap_cel/GSE12251_GSM307892.CEL.gz,,5420271,aa5cc968870d04db7000e3fcfed95e328024d03351cc0fd33a4f332591579281,gz,metadata/raw,2026-08-31,TRUE,,,TRUE,OK,CEL gzip readability smoke test
GSE12251,recorded in repository metadata or retrieval script,GSE12251_GSM307893.CEL.gz,data/raw/representative_expression/act1_overlap_cel/GSE12251_GSM307893.CEL.gz,,5607650,a0525df8334d5f055161e6340d1c23f456ef6a73749c2cbd27f2c620fa7f52f6,gz,metadata/raw,2026-08-31,TRUE,,,TRUE,OK,CEL gzip readability smoke test
GSE12251,recorded in repository metadata or retrieval script,GSE12251_GSM307894.CEL.gz,data/raw/representative_expression/act1_overlap_cel/GSE12251_GSM307894.CEL.gz,,5360758,69f94d26f67744d37edcc9e391227be9ccafcb0b9c760ba8a5cbd6d9e052a1a1,gz,metadata/raw,2026-08-31,TRUE,,,TRUE,OK,CEL gzip readability smoke test
GSE12251,recorded in repository metadata or retrieval script,GSE12251_GSM307895.CEL.gz,data/raw/representative_expression/act1_overlap_cel/GSE12251_GSM307895.CEL.gz,,5047704,46bb82563ef56005ddc230a6956d94b831de1c612bedf1ba8cf3623b62a55e5d,gz,metadata/raw,2026-08-31,TRUE,,,TRUE,OK,CEL gzip readability smoke test
GSE12251,recorded in repository metadata or retrieval script,GSE12251_GSM307896.CEL.gz,data/raw/representative_expression/act1_overlap_cel/GSE12251_GSM307896.CEL.gz,,5446602,6e1fd12926705013c3563a86886764afee51c1447df08443f29d914c39ffdceb,gz,metadata/raw,2026-08-31,TRUE,,,TRUE,OK,CEL gzip readability smoke test
GSE12251,recorded in repository metadata or retrieval script,GSE12251_GSM307897.CEL.gz,data/raw/representative_expression/act1_overlap_cel/GSE12251_GSM307897.CEL.gz,,5296467,170f1546fba72bc7b5460107d75a6a5263bbcaee682d9706200e54f8de4d8669,gz,metadata/raw,2026-08-31,TRUE,,,TRUE,OK,CEL gzip readability smoke test
GSE12251,recorded in repository metadata or retrieval script,GSE12251_GSM307898.CEL.gz,data/raw/representative_expression/act1_overlap_cel/GSE12251_GSM307898.CEL.gz,,5203547,a2640f08863c8b029fbc1e8a776858389da686db759240a9e4724c7b5c4ac853,gz,metadata/raw,2026-08-31,TRUE,,,TRUE,OK,CEL gzip readability smoke test
GSE12251,recorded in repository metadata or retrieval script,GSE12251_GSM307899.CEL.gz,data/raw/representative_expression/act1_overlap_cel/GSE12251_GSM307899.CEL.gz,,5311179,9463c4dff389ff40a784c172cf58e7681b17af4acc45bd3b39e8284f08a591ef,gz,metadata/raw,2026-08-31,TRUE,,,TRUE,OK,CEL gzip readability smoke test
GSE12251,recorded in repository metadata or retrieval script,GSE12251_GSM307900.CEL.gz,data/raw/representative_expression/act1_overlap_cel/GSE12251_GSM307900.CEL.gz,,5316499,aaf6019cce99054bc2f5dd6fdcd6d52e9def06848be213f607b814c394580532,gz,metadata/raw,2026-08-31,TRUE,,,TRUE,OK,CEL gzip readability smoke test
GSE12251,recorded in repository metadata or retrieval script,GSE12251_GSM307901.CEL.gz,data/raw/representative_expression/act1_overlap_cel/GSE12251_GSM307901.CEL.gz,,4709093,6caf45d284b8cb39937e424d3e63a915f1159c42f57ef8fcb8d9b43b354d127c,gz,metadata/raw,2026-08-31,TRUE,,,TRUE,OK,CEL gzip readability smoke test
GSE12251,recorded in repository metadata or retrieval script,GSE12251_GSM307902.CEL.gz,data/raw/representative_expression/act1_overlap_cel/GSE12251_GSM307902.CEL.gz,,5160050,ccb6438ac87c8084a8ff8479e1b14f4953fcfb8d7d4157846c8dabfa26a2ce29,gz,metadata/raw,2026-08-31,TRUE,,,TRUE,OK,CEL gzip readability smoke test
GSE12251,recorded in repository metadata or retrieval script,GSE12251_GSM307903.CEL.gz,data/raw/representative_expression/act1_overlap_cel/GSE12251_GSM307903.CEL.gz,,4801587,a637c06d3e6dc5c5f7d5d54434b0a5894238e8f4107c01654a4b72d12c1a12f7,gz,metadata/raw,2026-08-31,TRUE,,,TRUE,OK,CEL gzip readability smoke test
GSE12251,recorded in repository metadata or retrieval script,GSE12251_GSM307904.CEL.gz,data/raw/representative_expression/act1_overlap_cel/GSE12251_GSM307904.CEL.gz,,5214978,06602fb735ceb7edf0dbd7a838e963a913dca978c588413c03d20d778e2c934d,gz,metadata/raw,2026-08-31,TRUE,,,TRUE,OK,CEL gzip readability smoke test
GSE12251,recorded in repository metadata or retrieval script,GSE12251_GSM307905.CEL.gz,data/raw/representative_expression/act1_overlap_cel/GSE12251_GSM307905.CEL.gz,,5129385,b1a92e79bcb0f7bc3dfa4518c9c2cfa410911de6b617aca77ea8b0ad4780e380,gz,metadata/raw,2026-08-31,TRUE,,,TRUE,OK,CEL gzip readability smoke test
GSE12251,recorded in repository metadata or retrieval script,GSE12251_GSM307906.CEL.gz,data/raw/representative_expression/act1_overlap_cel/GSE12251_GSM307906.CEL.gz,,5346535,0f99f572c1dc3f2811991d29b91315fb138d7f189a5b3b90cd7b62bd3efaced1,gz,metadata/raw,2026-08-31,TRUE,,,TRUE,OK,CEL gzip readability smoke test
GSE12251,recorded in repository metadata or retrieval script,GSE12251_GSM307907.CEL.gz,data/raw/representative_expression/act1_overlap_cel/GSE12251_GSM307907.CEL.gz,,4965792,7edef39de0068b0b2187fa03d342f32b18b4802e947c42e097314daa42725915,gz,metadata/raw,2026-08-31,TRUE,,,TRUE,OK,CEL gzip readability smoke test
GSE12251,recorded in repository metadata or retrieval script,GSE12251_GSM307908.CEL.gz,data/raw/representative_expression/act1_overlap_cel/GSE12251_GSM307908.CEL.gz,,5191855,f0a6661d0821ef44293a77f4b2bed631c76feca92327b032f72dab518b04a705,gz,metadata/raw,2026-08-31,TRUE,,,TRUE,OK,CEL gzip readability smoke test
GSE23597,recorded in repository metadata or retrieval script,GSE23597_GSM578713.CEL.gz,data/raw/representative_expression/act1_overlap_cel/GSE23597_GSM578713.CEL.gz,,5421274,c8150167f9a9be68d044df433e795dc8d2ecb0f94e0c0139210ef1bf2d631a6f,gz,metadata/raw,2026-08-31,TRUE,,,TRUE,OK,CEL gzip readability smoke test
GSE23597,recorded in repository metadata or retrieval script,GSE23597_GSM578715.CEL.gz,data/raw/representative_expression/act1_overlap_cel/GSE23597_GSM578715.CEL.gz,,5188819,7d6403a059f9a562344fd87c6518de3f427689d11dd3fb0b1a03ac5f1a70efac,gz,metadata/raw,2026-08-31,TRUE,,,TRUE,OK,CEL gzip readability smoke test
GSE23597,recorded in repository metadata or retrieval script,GSE23597_GSM578718.CEL.gz,data/raw/representative_expression/act1_overlap_cel/GSE23597_GSM578718.CEL.gz,,5605066,cbd72c3a0a78eb50a1660c4a08a7ca8976ebc97d1df48702418a83925df43fb7,gz,metadata/raw,2026-08-31,TRUE,,,TRUE,OK,CEL gzip readability smoke test
GSE23597,recorded in repository metadata or retrieval script,GSE23597_GSM578720.CEL.gz,data/raw/representative_expression/act1_overlap_cel/GSE23597_GSM578720.CEL.gz,,5578694,a054f82a343c59b8c885165b354ae76adad0ccdbed3653dc59edee906a5555f9,gz,metadata/raw,2026-08-31,TRUE,,,TRUE,OK,CEL gzip readability smoke test
GSE23597,recorded in repository metadata or retrieval script,GSE23597_GSM578722.CEL.gz,data/raw/representative_expression/act1_overlap_cel/GSE23597_GSM578722.CEL.gz,,5515566,62bfe07b2eeb9bab30a41c45c5be3d5f34b2c743d9fc2f94c246e35739130830,gz,metadata/raw,2026-08-31,TRUE,,,TRUE,OK,CEL gzip readability smoke test
GSE23597,recorded in repository metadata or retrieval script,GSE23597_GSM578724.CEL.gz,data/raw/representative_expression/act1_overlap_cel/GSE23597_GSM578724.CEL.gz,,5551476,b457b51b31411e8a03b494aa69b49d97de7ce3f1f66995925b1af06eb09ac89d,gz,metadata/raw,2026-08-31,TRUE,,,TRUE,OK,CEL gzip readability smoke test
GSE23597,recorded in repository metadata or retrieval script,GSE23597_GSM578727.CEL.gz,data/raw/representative_expression/act1_overlap_cel/GSE23597_GSM578727.CEL.gz,,5591188,4d65c6a1c95b7f46465955c00275d93532650db6a9dde31747e4b2ae3be1bdc9,gz,metadata/raw,2026-08-31,TRUE,,,TRUE,OK,CEL gzip readability smoke test
GSE23597,recorded in repository metadata or retrieval script,GSE23597_GSM578729.CEL.gz,data/raw/representative_expression/act1_overlap_cel/GSE23597_GSM578729.CEL.gz,,5546555,e4854063c90bc1f8e1fe12860b4ce81b219c1ed52ebf3398ede91d54ba26a2bd,gz,metadata/raw,2026-08-31,TRUE,,,TRUE,OK,CEL gzip readability smoke test
GSE23597,recorded in repository metadata or retrieval script,GSE23597_GSM578731.CEL.gz,data/raw/representative_expression/act1_overlap_cel/GSE23597_GSM578731.CEL.gz,,5654010,5b2373c24d60fa44eb6596ca9f4330d0e9ec92d326e484e8b9582ffb16ba17cf,gz,metadata/raw,2026-08-31,TRUE,,,TRUE,OK,CEL gzip readability smoke test
GSE23597,recorded in repository metadata or retrieval script,GSE23597_GSM578734.CEL.gz,data/raw/representative_expression/act1_overlap_cel/GSE23597_GSM578734.CEL.gz,,5396288,3f46c6451d4c5bf59341a2afe35c211e40b4aa6b0039cd896e5ae1dd845b7667,gz,metadata/raw,2026-08-31,TRUE,,,TRUE,OK,CEL gzip readability smoke test
GSE23597,recorded in repository metadata or retrieval script,GSE23597_GSM578737.CEL.gz,data/raw/representative_expression/act1_overlap_cel/GSE23597_GSM578737.CEL.gz,,5354853,62307889f3f1b8b1d2d3b5ad201e33d2ba848d4e47d12a8bd9cde8221c0eb7dd,gz,metadata/raw,2026-08-31,TRUE,,,TRUE,OK,CEL gzip readability smoke test
GSE23597,recorded in repository metadata or retrieval script,GSE23597_GSM578739.CEL.gz,data/raw/representative_expression/act1_overlap_cel/GSE23597_GSM578739.CEL.gz,,5538716,b133116b7279409dcec43548cb994f71a9f69a56e44d85af3d29f9f3c367a9d8,gz,metadata/raw,2026-08-31,TRUE,,,TRUE,OK,CEL gzip readability smoke test
GSE23597,recorded in repository metadata or retrieval script,GSE23597_GSM578740.CEL.gz,data/raw/representative_expression/act1_overlap_cel/GSE23597_GSM578740.CEL.gz,,5420271,94c25ef6d49536dbf74b911e4809e8e6dea4c07174575a2006089172c33e6073,gz,metadata/raw,2026-08-31,TRUE,,,TRUE,OK,CEL gzip readability smoke test
GSE23597,recorded in repository metadata or retrieval script,GSE23597_GSM578741.CEL.gz,data/raw/representative_expression/act1_overlap_cel/GSE23597_GSM578741.CEL.gz,,5607650,d2012e19ecc4f81a7853debbbbe8a05018ec4b28fcbd31ad5ac4facbcd510f45,gz,metadata/raw,2026-08-31,TRUE,,,TRUE,OK,CEL gzip readability smoke test
GSE23597,recorded in repository metadata or retrieval script,GSE23597_GSM578743.CEL.gz,data/raw/representative_expression/act1_overlap_cel/GSE23597_GSM578743.CEL.gz,,5360758,92dcbc5a144bbdf5a62499ca0938ae7f2db116717fcf3bff5f5b6616793f6e55,gz,metadata/raw,2026-08-31,TRUE,,,TRUE,OK,CEL gzip readability smoke test
GSE23597,recorded in repository metadata or retrieval script,GSE23597_GSM578745.CEL.gz,data/raw/representative_expression/act1_overlap_cel/GSE23597_GSM578745.CEL.gz,,5047704,3b64077c7a82644983c26739e2dde5ca3ade4485244b640c2c151c80af151588,gz,metadata/raw,2026-08-31,TRUE,,,TRUE,OK,CEL gzip readability smoke test
GSE23597,recorded in repository metadata or retrieval script,GSE23597_GSM578748.CEL.gz,data/raw/representative_expression/act1_overlap_cel/GSE23597_GSM578748.CEL.gz,,5446602,f9657ff425e8e36ae78f6089cf588f6466d5de54c0a9d3cc3381d8582c54a069,gz,metadata/raw,2026-08-31,TRUE,,,TRUE,OK,CEL gzip readability smoke test
GSE23597,recorded in repository metadata or retrieval script,GSE23597_GSM578751.CEL.gz,data/raw/representative_expression/act1_overlap_cel/GSE23597_GSM578751.CEL.gz,,5296467,d8c14f5ee37fee66f34f30f360d88b42feb1334dd54d05cc254fa0ef73f8f190,gz,metadata/raw,2026-08-31,TRUE,,,TRUE,OK,CEL gzip readability smoke test
GSE23597,recorded in repository metadata or retrieval script,GSE23597_GSM578754.CEL.gz,data/raw/representative_expression/act1_overlap_cel/GSE23597_GSM578754.CEL.gz,,5348518,48e83a214075f3bbc7fb4ab05576082aeb7a2cd6ad894d52f2eba25266bdab12,gz,metadata/raw,2026-08-31,TRUE,,,TRUE,OK,CEL gzip readability smoke test
GSE23597,recorded in repository metadata or retrieval script,GSE23597_GSM578757.CEL.gz,data/raw/representative_expression/act1_overlap_cel/GSE23597_GSM578757.CEL.gz,,5203547,f91813f6ad8c50bf62c44dfe8e52eab5648e5c5acb6a6bba9c00682d33479a54,gz,metadata/raw,2026-08-31,TRUE,,,TRUE,OK,CEL gzip readability smoke test
GSE23597,recorded in repository metadata or retrieval script,GSE23597_GSM578760.CEL.gz,data/raw/representative_expression/act1_overlap_cel/GSE23597_GSM578760.CEL.gz,,5196022,d6ed3cc018cc43732bbe48aaa925361458afcd6c93be3968f34b199feb763148,gz,metadata/raw,2026-08-31,TRUE,,,TRUE,OK,CEL gzip readability smoke test
GSE23597,recorded in repository metadata or retrieval script,GSE23597_GSM578762.CEL.gz,data/raw/representative_expression/act1_overlap_cel/GSE23597_GSM578762.CEL.gz,,5329667,21d184bb64441756d44ed6eb1cf43daa68e87f469e68d86eea5dbe7801fd2769,gz,metadata/raw,2026-08-31,TRUE,,,TRUE,OK,CEL gzip readability smoke test
GSE23597,recorded in repository metadata or retrieval script,GSE23597_GSM578764.CEL.gz,data/raw/representative_expression/act1_overlap_cel/GSE23597_GSM578764.CEL.gz,,5260087,5baabd3d0a97ef6cd8ff02c1e597458da5c106605509745b693f2f6282862317,gz,metadata/raw,2026-08-31,TRUE,,,TRUE,OK,CEL gzip readability smoke test
GSE23597,recorded in repository metadata or retrieval script,GSE23597_GSM578768.CEL.gz,data/raw/representative_expression/act1_overlap_cel/GSE23597_GSM578768.CEL.gz,,5311179,f3b584647313859046ddd958df2f7be65092b4ac0d743eccc5f5f26b860ab1ad,gz,metadata/raw,2026-08-31,TRUE,,,TRUE,OK,CEL gzip readability smoke test
GSE23597,recorded in repository metadata or retrieval script,GSE23597_GSM578771.CEL.gz,data/raw/representative_expression/act1_overlap_cel/GSE23597_GSM578771.CEL.gz,,5400452,82ebcbb6c5789fe3263e92e1471a8b5f62a77db87080465e005e755ad2dc8934,gz,metadata/raw,2026-08-31,TRUE,,,TRUE,OK,CEL gzip readability smoke test
GSE23597,recorded in repository metadata or retrieval script,GSE23597_GSM578774.CEL.gz,data/raw/representative_expression/act1_overlap_cel/GSE23597_GSM578774.CEL.gz,,5242856,236cb58072d257da08955b9764600e260f390eb6aad7e76f15eaa6a1c2e73c0f,gz,metadata/raw,2026-08-31,TRUE,,,TRUE,OK,CEL gzip readability smoke test
GSE23597,recorded in repository metadata or retrieval script,GSE23597_GSM578776.CEL.gz,data/raw/representative_expression/act1_overlap_cel/GSE23597_GSM578776.CEL.gz,,5316499,8a979e1898c448e454fe67272af9af6d4849c666121a4413cb0cc47853fe6993,gz,metadata/raw,2026-08-31,TRUE,,,TRUE,OK,CEL gzip readability smoke test
GSE23597,recorded in repository metadata or retrieval script,GSE23597_GSM578779.CEL.gz,data/raw/representative_expression/act1_overlap_cel/GSE23597_GSM578779.CEL.gz,,4709093,85805e7e46b7967be4740cc97c0454bc60543a2708b1089a744d72d81df11e58,gz,metadata/raw,2026-08-31,TRUE,,,TRUE,OK,CEL gzip readability smoke test
GSE23597,recorded in repository metadata or retrieval script,GSE23597_GSM578782.CEL.gz,data/raw/representative_expression/act1_overlap_cel/GSE23597_GSM578782.CEL.gz,,5160050,a26165b7ea326e08b25d51f1d094bf08f27a9cefc3decef4c3a01100b987acfb,gz,metadata/raw,2026-08-31,TRUE,,,TRUE,OK,CEL gzip readability smoke test
GSE23597,recorded in repository metadata or retrieval script,GSE23597_GSM578785.CEL.gz,data/raw/representative_expression/act1_overlap_cel/GSE23597_GSM578785.CEL.gz,,5033513,6c2fbc8c62902e4c9e25a95447626d8c74800fee85294adf213361c82bc44d85,gz,metadata/raw,2026-08-31,TRUE,,,TRUE,OK,CEL gzip readability smoke test
GSE23597,recorded in repository metadata or retrieval script,GSE23597_GSM578788.CEL.gz,data/raw/representative_expression/act1_overlap_cel/GSE23597_GSM578788.CEL.gz,,4801587,47f056bec8ef4176084d6ee8b5ad974dba0f74ce7f3a7042394429026e783b54,gz,metadata/raw,2026-08-31,TRUE,,,TRUE,OK,CEL gzip readability smoke test
GSE23597,recorded in repository metadata or retrieval script,GSE23597_GSM578790.CEL.gz,data/raw/representative_expression/act1_overlap_cel/GSE23597_GSM578790.CEL.gz,,5214978,68df9368cd3c26f6bdaddb5e02951ae763c88fe1f260528efb3b3ad9396ee258,gz,metadata/raw,2026-08-31,TRUE,,,TRUE,OK,CEL gzip readability smoke test
GSE23597,recorded in repository metadata or retrieval script,GSE23597_GSM578792.CEL.gz,data/raw/representative_expression/act1_overlap_cel/GSE23597_GSM578792.CEL.gz,,5129385,5126fdac2b503ed85e9690504fd40bccb4458f74acfaf91262bed8d0f5b9bb0a,gz,metadata/raw,2026-08-31,TRUE,,,TRUE,OK,CEL gzip readability smoke test
GSE23597,recorded in repository metadata or retrieval script,GSE23597_GSM578795.CEL.gz,data/raw/representative_expression/act1_overlap_cel/GSE23597_GSM578795.CEL.gz,,5077011,5b749b250a32cd5b3e542c63e76df005a55ed7515f189420468300f316d27e87,gz,metadata/raw,2026-08-31,TRUE,,,TRUE,OK,CEL gzip readability smoke test
GSE23597,recorded in repository metadata or retrieval script,GSE23597_GSM578797.CEL.gz,data/raw/representative_expression/act1_overlap_cel/GSE23597_GSM578797.CEL.gz,,5346535,dbddc914daf082ae8ee5a9f69fbc3c9365c6cde9ef96c9f28165854622a98468,gz,metadata/raw,2026-08-31,TRUE,,,TRUE,OK,CEL gzip readability smoke test
GSE23597,recorded in repository metadata or retrieval script,GSE23597_GSM578800.CEL.gz,data/raw/representative_expression/act1_overlap_cel/GSE23597_GSM578800.CEL.gz,,5013287,93fdf6bb1bf88bebec1f42eff9e020de7f3929e8366275247ed3b4f31acceba2,gz,metadata/raw,2026-08-31,TRUE,,,TRUE,OK,CEL gzip readability smoke test
GSE23597,recorded in repository metadata or retrieval script,GSE23597_GSM578803.CEL.gz,data/raw/representative_expression/act1_overlap_cel/GSE23597_GSM578803.CEL.gz,,5035140,6c37235970b1d72e47a82a093355d2b2656a475ced3b0b0946f61acbf0da9bb8,gz,metadata/raw,2026-08-31,TRUE,,,TRUE,OK,CEL gzip readability smoke test
GSE23597,recorded in repository metadata or retrieval script,GSE23597_GSM578804.CEL.gz,data/raw/representative_expression/act1_overlap_cel/GSE23597_GSM578804.CEL.gz,,5021059,325e3240a4619ee6b079db9ade9e0d12acfea49f63d4f6ddbf5e3b3fbb0997cc,gz,metadata/raw,2026-08-31,TRUE,,,TRUE,OK,CEL gzip readability smoke test
GSE23597,recorded in repository metadata or retrieval script,GSE23597_GSM578807.CEL.gz,data/raw/representative_expression/act1_overlap_cel/GSE23597_GSM578807.CEL.gz,,5081618,879cea147ce2b3cd19b497cc72121bf6df0e2544099df15263f398e4d9d0f2df,gz,metadata/raw,2026-08-31,TRUE,,,TRUE,OK,CEL gzip readability smoke test
GSE23597,recorded in repository metadata or retrieval script,GSE23597_GSM578811.CEL.gz,data/raw/representative_expression/act1_overlap_cel/GSE23597_GSM578811.CEL.gz,,5254406,a13b50c352da8e569044763642dd9d6f93fa4056ab10349f5a37716fca9474b7,gz,metadata/raw,2026-08-31,TRUE,,,TRUE,OK,CEL gzip readability smoke test
GSE23597,recorded in repository metadata or retrieval script,GSE23597_GSM578812.CEL.gz,data/raw/representative_expression/act1_overlap_cel/GSE23597_GSM578812.CEL.gz,,5003700,f614f666b2ce74b31fc65d389200badef7cf2333e28be3f3cc0682797ab4f82d,gz,metadata/raw,2026-08-31,TRUE,,,TRUE,OK,CEL gzip readability smoke test
GSE23597,recorded in repository metadata or retrieval script,GSE23597_GSM578815.CEL.gz,data/raw/representative_expression/act1_overlap_cel/GSE23597_GSM578815.CEL.gz,,4965792,954089c84a2a92d89aa282caa442cc9508ac21b12ce5696656e6ce308fd985b2,gz,metadata/raw,2026-08-31,TRUE,,,TRUE,OK,CEL gzip readability smoke test
GSE23597,recorded in repository metadata or retrieval script,GSE23597_GSM578818.CEL.gz,data/raw/representative_expression/act1_overlap_cel/GSE23597_GSM578818.CEL.gz,,4971517,d84b2d3830658e381fc3a31353b36ed113e5dbbbce92453bb927e1f79169ac17,gz,metadata/raw,2026-08-31,TRUE,,,TRUE,OK,CEL gzip readability smoke test
GSE23597,recorded in repository metadata or retrieval script,GSE23597_GSM578821.CEL.gz,data/raw/representative_expression/act1_overlap_cel/GSE23597_GSM578821.CEL.gz,,5191855,14c4f35adfd59ede2355cc96a452fd9ad38da90fe93889802dc07187c131b31e,gz,metadata/raw,2026-08-31,TRUE,,,TRUE,OK,CEL gzip readability smoke test
GSE23597,recorded in repository metadata or retrieval script,GSE23597_GSM578822.CEL.gz,data/raw/representative_expression/act1_overlap_cel/GSE23597_GSM578822.CEL.gz,,5069888,d2342622d283cfa9093a6b367d0b054d235066ca98c35383ea1449878e57004d,gz,metadata/raw,2026-08-31,TRUE,,,TRUE,OK,CEL gzip readability smoke test
E-MTAB-7604.processed.1.zip,recorded in repository metadata or retrieval script,E-MTAB-7604.processed.1.zip,data/raw/representative_expression/E-MTAB-7604.processed.1.zip,,8623548,6ac894deebc3ae9f53785483690e2e070a0b9a39990e7df20ac22720068cd969,zip,processed,2026-08-31,TRUE,56642,2,TRUE,OK,43 per-sample count files; representative file GC049992.count read successfully
GSE171770,recorded in repository metadata or retrieval script,GSE171770_Clinical_Information_FUTURE.xlsx,data/raw/representative_expression/GSE171770_Clinical_Information_FUTURE.xlsx,,16840,191aab700b1dbc71a838cec3a6709701a51e396902b96c737d29c000c364cf7d,xlsx,metadata/raw,2026-08-31,TRUE,,,TRUE,OK,
GSE171770,recorded in repository metadata or retrieval script,GSE171770_RawCounts_biopsy_Olamkicept.csv.gz,data/raw/representative_expression/GSE171770_RawCounts_biopsy_Olamkicept.csv.gz,,3622852,32f5e4e6f344c0b9f37201471e8408b86d0ff345e58072cb61a4e43fcff4e5db,gz,processed,2026-08-31,TRUE,57528,89,TRUE,OK,complete-stream gzip/CSV readability smoke test; values not analyzed
GSE234736,recorded in repository metadata or retrieval script,GSE234736_Supplementary_Table_2.csv.gz,data/raw/representative_expression/GSE234736_Supplementary_Table_2.csv.gz,,7020095,11ad8d8c8983fd89f261e697d0bd668cb849baf3452bdb0ebf9ccecf0d8bd86d,gz,metadata/raw,2026-08-31,TRUE,15823,97,TRUE,OK,complete-stream gzip/CSV readability smoke test; values not analyzed
