signature_id,task_id,dataset_id,omitted_gene,n_genes_full,n_genes_retained,full_auroc,leave_one_gene_out_auroc,delta_auroc,direction_retained
SIG_ATNF_7GENE,T_PROGECT_MH_W6,GSE212849_PROGECT,WNK2,7,6,0.7210884353741497,0.72713529856387,0.006046863189720364,True
SIG_ATNF_7GENE,T_PROGECT_MH_W6,GSE212849_PROGECT,OCRL,7,6,0.7210884353741497,0.7256235827664399,0.0045351473922902175,True
SIG_ATNF_7GENE,T_PROGECT_MH_W6,GSE212849_PROGECT,ASB7,7,6,0.7210884353741497,0.7180650037792895,-0.003023431594860182,True
SIG_ATNF_7GENE,T_PROGECT_MH_W6,GSE212849_PROGECT,PCBP3,7,6,0.7210884353741497,0.709750566893424,-0.01133786848072571,True
SIG_ATNF_7GENE,T_PROGECT_MH_W6,GSE212849_PROGECT,AMPD2,7,6,0.7210884353741497,0.7195767195767195,-0.0015117157974301465,True
SIG_ATNF_7GENE,T_PROGECT_MH_W6,GSE212849_PROGECT,FAM155A,7,6,0.7210884353741497,0.7195767195767195,-0.0015117157974301465,True
SIG_ATNF_7GENE,T_PROGECT_MH_W6,GSE212849_PROGECT,IL13RA2,7,6,0.7210884353741497,0.7203325774754346,-0.0007558578987151288,True
SIG_ATNF_7GENE,T_PURSUIT_CR_W6,GSE92415_PURSUIT,WNK2,7,6,0.6041666666666666,0.579861111111111,-0.02430555555555558,True
SIG_ATNF_7GENE,T_PURSUIT_CR_W6,GSE92415_PURSUIT,OCRL,7,6,0.6041666666666666,0.607638888888889,0.003472222222222321,True
SIG_ATNF_7GENE,T_PURSUIT_CR_W6,GSE92415_PURSUIT,ASB7,7,6,0.6041666666666666,0.6168981481481481,0.01273148148148151,True
SIG_ATNF_7GENE,T_PURSUIT_CR_W6,GSE92415_PURSUIT,PCBP3,7,6,0.6041666666666666,0.6064814814814815,0.0023148148148148806,True
SIG_ATNF_7GENE,T_PURSUIT_CR_W6,GSE92415_PURSUIT,AMPD2,7,6,0.6041666666666666,0.6215277777777779,0.01736111111111127,True
SIG_ATNF_7GENE,T_PURSUIT_CR_W6,GSE92415_PURSUIT,FAM155A,7,6,0.6041666666666666,0.5902777777777778,-0.01388888888888884,True
SIG_ATNF_7GENE,T_PURSUIT_CR_W6,GSE92415_PURSUIT,IL13RA2,7,6,0.6041666666666666,0.6041666666666666,0.0,True
SIG_ATNF_7GENE,T_UNIFI_MH_W8,GSE206285_UNIFI,WNK2,7,6,0.7093188268684957,0.6820009460737937,-0.027317880794701987,True
SIG_ATNF_7GENE,T_UNIFI_MH_W8,GSE206285_UNIFI,OCRL,7,6,0.7093188268684957,0.7165326395458846,0.007213812677388964,True
SIG_ATNF_7GENE,T_UNIFI_MH_W8,GSE206285_UNIFI,ASB7,7,6,0.7093188268684957,0.7203760643330179,0.011057237464522252,True
SIG_ATNF_7GENE,T_UNIFI_MH_W8,GSE206285_UNIFI,PCBP3,7,6,0.7093188268684957,0.7267029328287608,0.017384105960265073,True
SIG_ATNF_7GENE,T_UNIFI_MH_W8,GSE206285_UNIFI,AMPD2,7,6,0.7093188268684957,0.7000946073793756,-0.009224219489120111,True
SIG_ATNF_7GENE,T_UNIFI_MH_W8,GSE206285_UNIFI,FAM155A,7,6,0.7093188268684957,0.6938859981078525,-0.015432828760643225,True
SIG_ATNF_7GENE,T_UNIFI_MH_W8,GSE206285_UNIFI,IL13RA2,7,6,0.7093188268684957,0.6990302743614002,-0.010288552507095483,True
SIG_ATNF_7GENE,T_UNIFI_REM_W8,GSE206285_UNIFI,WNK2,7,6,0.7002915451895043,0.6758665370910268,-0.024425008098477474,True
SIG_ATNF_7GENE,T_UNIFI_REM_W8,GSE206285_UNIFI,OCRL,7,6,0.7002915451895043,0.703725299643667,0.0034337544541627185,True
SIG_ATNF_7GENE,T_UNIFI_REM_W8,GSE206285_UNIFI,ASB7,7,6,0.7002915451895043,0.7108519598315517,0.010560414642047378,True
SIG_ATNF_7GENE,T_UNIFI_REM_W8,GSE206285_UNIFI,PCBP3,7,6,0.7002915451895043,0.7056041464204729,0.00531260123096855,True
SIG_ATNF_7GENE,T_UNIFI_REM_W8,GSE206285_UNIFI,AMPD2,7,6,0.7002915451895043,0.6908325234855847,-0.009459021703919657,True
SIG_ATNF_7GENE,T_UNIFI_REM_W8,GSE206285_UNIFI,FAM155A,7,6,0.7002915451895043,0.686945254292193,-0.01334629089731132,True
SIG_ATNF_7GENE,T_UNIFI_REM_W8,GSE206285_UNIFI,IL13RA2,7,6,0.7002915451895043,0.6992549400712665,-0.0010366051182377767,True
SIG_ATNF_7GENE,T_UNITI2_CR_W8,GSE112366_UNITI2_ILEUM,WNK2,7,6,0.5296052631578947,0.5158991228070176,-0.013706140350877138,True
SIG_ATNF_7GENE,T_UNITI2_CR_W8,GSE112366_UNITI2_ILEUM,OCRL,7,6,0.5296052631578947,0.506578947368421,-0.023026315789473673,True
SIG_ATNF_7GENE,T_UNITI2_CR_W8,GSE112366_UNITI2_ILEUM,ASB7,7,6,0.5296052631578947,0.5268640350877193,-0.0027412280701754055,True
SIG_ATNF_7GENE,T_UNITI2_CR_W8,GSE112366_UNITI2_ILEUM,PCBP3,7,6,0.5296052631578947,0.5422149122807017,0.012609649122807043,True
SIG_ATNF_7GENE,T_UNITI2_CR_W8,GSE112366_UNITI2_ILEUM,AMPD2,7,6,0.5296052631578947,0.5307017543859649,0.0010964912280702066,True
SIG_ATNF_7GENE,T_UNITI2_CR_W8,GSE112366_UNITI2_ILEUM,FAM155A,7,6,0.5296052631578947,0.5548245614035088,0.025219298245614086,True
SIG_ATNF_7GENE,T_UNITI2_CR_W8,GSE112366_UNITI2_ILEUM,IL13RA2,7,6,0.5296052631578947,0.5175438596491229,-0.012061403508771829,True
SIG_ATNF_ARJIS5,T_EMTAB7604_ER,E-MTAB-7604_ATNF,TNFRSF11B,5,4,0.7022222222222222,0.711111111111111,0.008888888888888835,True
SIG_ATNF_ARJIS5,T_EMTAB7604_ER,E-MTAB-7604_ATNF,STC1,5,4,0.7022222222222222,0.7022222222222222,0.0,True
SIG_ATNF_ARJIS5,T_EMTAB7604_ER,E-MTAB-7604_ATNF,PTGS2,5,4,0.7022222222222222,0.7000000000000001,-0.0022222222222221255,True
SIG_ATNF_ARJIS5,T_EMTAB7604_ER,E-MTAB-7604_ATNF,IL13RA2,5,4,0.7022222222222222,0.6777777777777777,-0.02444444444444449,True
SIG_ATNF_ARJIS5,T_EMTAB7604_ER,E-MTAB-7604_ATNF,IL11,5,4,0.7022222222222222,0.6844444444444444,-0.01777777777777778,True
SIG_ATNF_ARJIS5,T_PROGECT_MH_W6,GSE212849_PROGECT,TNFRSF11B,5,4,0.6485260770975056,0.6674225245653818,0.01889644746787611,True
SIG_ATNF_ARJIS5,T_PROGECT_MH_W6,GSE212849_PROGECT,STC1,5,4,0.6485260770975056,0.6424792139077853,-0.006046863189720364,True
SIG_ATNF_ARJIS5,T_PROGECT_MH_W6,GSE212849_PROGECT,PTGS2,5,4,0.6485260770975056,0.6379440665154951,-0.010582010582010581,True
SIG_ATNF_ARJIS5,T_PROGECT_MH_W6,GSE212849_PROGECT,IL13RA2,5,4,0.6485260770975056,0.6326530612244898,-0.015873015873015817,True
SIG_ATNF_ARJIS5,T_PROGECT_MH_W6,GSE212849_PROGECT,IL11,5,4,0.6485260770975056,0.6439909297052154,-0.0045351473922902175,True
SIG_ATNF_ARJIS5,T_PURSUIT_CR_W6,GSE92415_PURSUIT,TNFRSF11B,5,4,0.6585648148148149,0.6585648148148149,0.0,True
SIG_ATNF_ARJIS5,T_PURSUIT_CR_W6,GSE92415_PURSUIT,STC1,5,4,0.6585648148148149,0.6550925925925926,-0.003472222222222321,True
SIG_ATNF_ARJIS5,T_PURSUIT_CR_W6,GSE92415_PURSUIT,PTGS2,5,4,0.6585648148148149,0.6631944444444444,0.004629629629629539,True
SIG_ATNF_ARJIS5,T_PURSUIT_CR_W6,GSE92415_PURSUIT,IL13RA2,5,4,0.6585648148148149,0.6354166666666666,-0.02314814814814825,True
SIG_ATNF_ARJIS5,T_PURSUIT_CR_W6,GSE92415_PURSUIT,IL11,5,4,0.6585648148148149,0.6747685185185185,0.01620370370370361,True
SIG_ATNF_ARJIS5,T_UNIFI_MH_W8,GSE206285_UNIFI,TNFRSF11B,5,4,0.712038789025544,0.7058301797540208,-0.006208609271523113,True
SIG_ATNF_ARJIS5,T_UNIFI_MH_W8,GSE206285_UNIFI,STC1,5,4,0.712038789025544,0.707899716177862,-0.0041390728476820016,True
SIG_ATNF_ARJIS5,T_UNIFI_MH_W8,GSE206285_UNIFI,PTGS2,5,4,0.712038789025544,0.7186021759697256,0.006563386944181682,True
SIG_ATNF_ARJIS5,T_UNIFI_MH_W8,GSE206285_UNIFI,IL13RA2,5,4,0.712038789025544,0.7187204351939451,0.006681646168401167,True
SIG_ATNF_ARJIS5,T_UNIFI_MH_W8,GSE206285_UNIFI,IL11,5,4,0.712038789025544,0.7023415326395459,-0.009697256385998054,True
SIG_ATNF_ARJIS5,T_UNIFI_REM_W8,GSE206285_UNIFI,TNFRSF11B,5,4,0.6850016196954972,0.6801425332037577,-0.004859086491739495,True
SIG_ATNF_ARJIS5,T_UNIFI_REM_W8,GSE206285_UNIFI,STC1,5,4,0.6850016196954972,0.6766439909297052,-0.008357628765792047,True
SIG_ATNF_ARJIS5,T_UNIFI_REM_W8,GSE206285_UNIFI,PTGS2,5,4,0.6850016196954972,0.6829284094590217,-0.0020732102364755534,True
SIG_ATNF_ARJIS5,T_UNIFI_REM_W8,GSE206285_UNIFI,IL13RA2,5,4,0.6850016196954972,0.7011337868480725,0.01613216715257526,True
SIG_ATNF_ARJIS5,T_UNIFI_REM_W8,GSE206285_UNIFI,IL11,5,4,0.6850016196954972,0.6805960479429868,-0.00440557175251044,True
SIG_ATNF_ARJIS5,T_UNITI2_CR_W8,GSE112366_UNITI2_ILEUM,TNFRSF11B,5,4,0.5964912280701754,0.6222587719298246,0.02576754385964919,True
SIG_ATNF_ARJIS5,T_UNITI2_CR_W8,GSE112366_UNITI2_ILEUM,STC1,5,4,0.5964912280701754,0.5663377192982456,-0.030153508771929793,True
SIG_ATNF_ARJIS5,T_UNITI2_CR_W8,GSE112366_UNITI2_ILEUM,PTGS2,5,4,0.5964912280701754,0.6041666666666666,0.007675438596491224,True
SIG_ATNF_ARJIS5,T_UNITI2_CR_W8,GSE112366_UNITI2_ILEUM,IL13RA2,5,4,0.5964912280701754,0.5942982456140351,-0.002192982456140302,True
SIG_ATNF_ARJIS5,T_UNITI2_CR_W8,GSE112366_UNITI2_ILEUM,IL11,5,4,0.5964912280701754,0.5926535087719298,-0.003837719298245612,True
SIG_CROSS_UC4,T_EMTAB7604_ER,E-MTAB-7604_ATNF,IGFBP5,4,3,0.6688888888888889,0.668888888888889,1.1102230246251565e-16,True
SIG_CROSS_UC4,T_EMTAB7604_ER,E-MTAB-7604_ATNF,SELE,4,3,0.6688888888888889,0.6733333333333333,0.004444444444444473,True
SIG_CROSS_UC4,T_EMTAB7604_ER,E-MTAB-7604_ATNF,STC1,4,3,0.6688888888888889,0.6577777777777778,-0.011111111111111072,True
SIG_CROSS_UC4,T_EMTAB7604_ER,E-MTAB-7604_ATNF,VNN2,4,3,0.6688888888888889,0.6488888888888888,-0.020000000000000018,True
SIG_CROSS_UC4,T_PROGECT_MH_W6,GSE212849_PROGECT,IGFBP5,4,3,0.6500377928949358,0.618291761148904,-0.031746031746031744,True
SIG_CROSS_UC4,T_PROGECT_MH_W6,GSE212849_PROGECT,SELE,4,3,0.6500377928949358,0.656084656084656,0.006046863189720253,True
SIG_CROSS_UC4,T_PROGECT_MH_W6,GSE212849_PROGECT,STC1,4,3,0.6500377928949358,0.6583522297808012,0.008314436885865417,True
SIG_CROSS_UC4,T_PROGECT_MH_W6,GSE212849_PROGECT,VNN2,4,3,0.6500377928949358,0.6606198034769463,0.01058201058201047,True
SIG_CROSS_UC4,T_PURSUIT_CR_W6,GSE92415_PURSUIT,IGFBP5,4,3,0.6782407407407408,0.6817129629629629,0.003472222222222099,True
SIG_CROSS_UC4,T_PURSUIT_CR_W6,GSE92415_PURSUIT,SELE,4,3,0.6782407407407408,0.6539351851851851,-0.02430555555555569,True
SIG_CROSS_UC4,T_PURSUIT_CR_W6,GSE92415_PURSUIT,STC1,4,3,0.6782407407407408,0.6840277777777778,0.0057870370370369795,True
SIG_CROSS_UC4,T_PURSUIT_CR_W6,GSE92415_PURSUIT,VNN2,4,3,0.6782407407407408,0.6689814814814815,-0.0092592592592593,True
SIG_CROSS_UC4,T_UNIFI_MH_W8,GSE206285_UNIFI,IGFBP5,4,3,0.7216177861873226,0.7089049195837275,-0.012712866603595163,True
SIG_CROSS_UC4,T_UNIFI_MH_W8,GSE206285_UNIFI,SELE,4,3,0.7216177861873226,0.7223864711447493,0.0007686849574266574,True
SIG_CROSS_UC4,T_UNIFI_MH_W8,GSE206285_UNIFI,STC1,4,3,0.7216177861873226,0.712038789025544,-0.00957899716177868,True
SIG_CROSS_UC4,T_UNIFI_MH_W8,GSE206285_UNIFI,VNN2,4,3,0.7216177861873226,0.7196073793755913,-0.002010406811731369,True
SIG_CROSS_UC4,T_UNIFI_REM_W8,GSE206285_UNIFI,IGFBP5,4,3,0.7037900874635569,0.6904437965662455,-0.01334629089731132,True
SIG_CROSS_UC4,T_UNIFI_REM_W8,GSE206285_UNIFI,SELE,4,3,0.7037900874635569,0.6989957887917072,-0.004794298671849662,True
SIG_CROSS_UC4,T_UNIFI_REM_W8,GSE206285_UNIFI,STC1,4,3,0.7037900874635569,0.6917395529640428,-0.012050534499514098,True
SIG_CROSS_UC4,T_UNIFI_REM_W8,GSE206285_UNIFI,VNN2,4,3,0.7037900874635569,0.7098153547133139,0.006025267249757049,True
SIG_CROSS_UC4,T_UNITI2_CR_W8,GSE112366_UNITI2_ILEUM,IGFBP5,4,3,0.632127192982456,0.6140350877192983,-0.018092105263157743,True
SIG_CROSS_UC4,T_UNITI2_CR_W8,GSE112366_UNITI2_ILEUM,SELE,4,3,0.632127192982456,0.6343201754385965,0.0021929824561405242,True
SIG_CROSS_UC4,T_UNITI2_CR_W8,GSE112366_UNITI2_ILEUM,STC1,4,3,0.632127192982456,0.6211622807017544,-0.010964912280701622,True
SIG_CROSS_UC4,T_UNITI2_CR_W8,GSE112366_UNITI2_ILEUM,VNN2,4,3,0.632127192982456,0.6705043859649122,0.03837719298245623,True
SIG_UST4_COEF,T_EMTAB7604_ER,E-MTAB-7604_ATNF,HSD3B1,4,3,0.46222222222222226,0.4422222222222222,-0.020000000000000073,False
SIG_UST4_COEF,T_EMTAB7604_ER,E-MTAB-7604_ATNF,MUC4,4,3,0.46222222222222226,0.4622222222222222,-5.551115123125783e-17,False
SIG_UST4_COEF,T_EMTAB7604_ER,E-MTAB-7604_ATNF,CFI,4,3,0.46222222222222226,0.5222222222222221,0.05999999999999989,True
SIG_UST4_COEF,T_EMTAB7604_ER,E-MTAB-7604_ATNF,CCL11,4,3,0.46222222222222226,0.46444444444444444,0.002222222222222181,False
SIG_UST4_COEF,T_PROGECT_MH_W6,GSE212849_PROGECT,HSD3B1,4,3,0.6190476190476191,0.6107331821617537,-0.008314436885865417,True
SIG_UST4_COEF,T_PROGECT_MH_W6,GSE212849_PROGECT,MUC4,4,3,0.6190476190476191,0.6243386243386243,0.005291005291005235,True
SIG_UST4_COEF,T_PROGECT_MH_W6,GSE212849_PROGECT,CFI,4,3,0.6190476190476191,0.417989417989418,-0.20105820105820105,False
SIG_UST4_COEF,T_PROGECT_MH_W6,GSE212849_PROGECT,CCL11,4,3,0.6190476190476191,0.6182917611489039,-0.0007558578987151288,True
SIG_UST4_COEF,T_PURSUIT_CR_W6,GSE92415_PURSUIT,HSD3B1,4,3,0.5879629629629629,0.6018518518518519,0.01388888888888895,True
SIG_UST4_COEF,T_PURSUIT_CR_W6,GSE92415_PURSUIT,MUC4,4,3,0.5879629629629629,0.5844907407407407,-0.00347222222222221,True
SIG_UST4_COEF,T_PURSUIT_CR_W6,GSE92415_PURSUIT,CFI,4,3,0.5879629629629629,0.5243055555555556,-0.06365740740740733,True
SIG_UST4_COEF,T_PURSUIT_CR_W6,GSE92415_PURSUIT,CCL11,4,3,0.5879629629629629,0.5856481481481481,-0.0023148148148147696,True
SIG_UST4_COEF,T_UNIFI_MH_W8,GSE206285_UNIFI,HSD3B1,4,3,0.6264782403027437,0.6262417218543047,-0.00023651844843897152,True
SIG_UST4_COEF,T_UNIFI_MH_W8,GSE206285_UNIFI,MUC4,4,3,0.6264782403027437,0.63191816461684,0.005439924314096345,True
SIG_UST4_COEF,T_UNIFI_MH_W8,GSE206285_UNIFI,CFI,4,3,0.6264782403027437,0.5122989593188269,-0.11417928098391683,True
SIG_UST4_COEF,T_UNIFI_MH_W8,GSE206285_UNIFI,CCL11,4,3,0.6264782403027437,0.626833017975402,0.00035477767265834625,True
SIG_UST4_COEF,T_UNIFI_REM_W8,GSE206285_UNIFI,HSD3B1,4,3,0.6839002267573695,0.6726271460965338,-0.011273080660835655,True
SIG_UST4_COEF,T_UNIFI_REM_W8,GSE206285_UNIFI,MUC4,4,3,0.6839002267573695,0.6880466472303207,0.004146420472951218,True
SIG_UST4_COEF,T_UNIFI_REM_W8,GSE206285_UNIFI,CFI,4,3,0.6839002267573695,0.549789439585358,-0.13411078717201153,True
SIG_UST4_COEF,T_UNIFI_REM_W8,GSE206285_UNIFI,CCL11,4,3,0.6839002267573695,0.6832523485584711,-0.0006478781988984439,True
SIG_UST_HUB4,T_EMTAB7604_ER,E-MTAB-7604_ATNF,MUC1,4,3,0.6133333333333333,0.6311111111111112,0.017777777777777892,True
SIG_UST_HUB4,T_EMTAB7604_ER,E-MTAB-7604_ATNF,DUOX2,4,3,0.6133333333333333,0.5866666666666667,-0.026666666666666616,True
SIG_UST_HUB4,T_EMTAB7604_ER,E-MTAB-7604_ATNF,LCN2,4,3,0.6133333333333333,0.5955555555555555,-0.01777777777777778,True
SIG_UST_HUB4,T_EMTAB7604_ER,E-MTAB-7604_ATNF,PDZK1IP1,4,3,0.6133333333333333,0.5977777777777777,-0.015555555555555545,True
SIG_UST_HUB4,T_PROGECT_MH_W6,GSE212849_PROGECT,MUC1,4,3,0.48374905517762656,0.5011337868480726,0.017384731670446074,True
SIG_UST_HUB4,T_PROGECT_MH_W6,GSE212849_PROGECT,DUOX2,4,3,0.48374905517762656,0.48752834467120176,0.0037792894935751997,False
SIG_UST_HUB4,T_PROGECT_MH_W6,GSE212849_PROGECT,LCN2,4,3,0.48374905517762656,0.46712018140589573,-0.016628873771730834,False
SIG_UST_HUB4,T_PROGECT_MH_W6,GSE212849_PROGECT,PDZK1IP1,4,3,0.48374905517762656,0.46258503401360546,-0.021164021164021107,False
SIG_UST_HUB4,T_PURSUIT_CR_W6,GSE92415_PURSUIT,MUC1,4,3,0.5625,0.5578703703703705,-0.004629629629629539,True
SIG_UST_HUB4,T_PURSUIT_CR_W6,GSE92415_PURSUIT,DUOX2,4,3,0.5625,0.5648148148148149,0.0023148148148148806,True
SIG_UST_HUB4,T_PURSUIT_CR_W6,GSE92415_PURSUIT,LCN2,4,3,0.5625,0.5729166666666667,0.01041666666666674,True
SIG_UST_HUB4,T_PURSUIT_CR_W6,GSE92415_PURSUIT,PDZK1IP1,4,3,0.5625,0.5601851851851852,-0.0023148148148147696,True
SIG_UST_HUB4,T_UNIFI_MH_W8,GSE206285_UNIFI,MUC1,4,3,0.4414616840113529,0.4499763481551561,0.008514664143803197,False
SIG_UST_HUB4,T_UNIFI_MH_W8,GSE206285_UNIFI,DUOX2,4,3,0.4414616840113529,0.4338930936613056,-0.007568590350047311,False
SIG_UST_HUB4,T_UNIFI_MH_W8,GSE206285_UNIFI,LCN2,4,3,0.4414616840113529,0.4479659413434248,0.006504257332071939,False
SIG_UST_HUB4,T_UNIFI_MH_W8,GSE206285_UNIFI,PDZK1IP1,4,3,0.4414616840113529,0.44223036896877954,0.0007686849574266574,False
SIG_UST_HUB4,T_UNIFI_REM_W8,GSE206285_UNIFI,MUC1,4,3,0.4897959183673469,0.5017816650469711,0.011985746679624154,True
SIG_UST_HUB4,T_UNIFI_REM_W8,GSE206285_UNIFI,DUOX2,4,3,0.4897959183673469,0.48247489471979266,-0.00732102364755427,False
SIG_UST_HUB4,T_UNIFI_REM_W8,GSE206285_UNIFI,LCN2,4,3,0.4897959183673469,0.49471979267897637,0.004923874311629439,False
SIG_UST_HUB4,T_UNIFI_REM_W8,GSE206285_UNIFI,PDZK1IP1,4,3,0.4897959183673469,0.4855199222546161,-0.004275996112730829,False
SIG_UST_MH2,T_EMTAB7604_ER,E-MTAB-7604_ATNF,LCN2,2,1,0.5844444444444444,0.5544444444444445,-0.029999999999999916,True
SIG_UST_MH2,T_EMTAB7604_ER,E-MTAB-7604_ATNF,KDM5D,2,1,0.5844444444444444,0.611111111111111,0.026666666666666616,True
SIG_UST_MH2,T_PROGECT_MH_W6,GSE212849_PROGECT,LCN2,2,1,0.5064247921390779,0.5479969765684052,0.04157218442932731,True
SIG_UST_MH2,T_PROGECT_MH_W6,GSE212849_PROGECT,KDM5D,2,1,0.5064247921390779,0.4860166288737717,-0.020408163265306145,False
SIG_UST_MH2,T_PURSUIT_CR_W6,GSE92415_PURSUIT,LCN2,2,1,0.6469907407407407,0.6122685185185185,-0.03472222222222221,True
SIG_UST_MH2,T_PURSUIT_CR_W6,GSE92415_PURSUIT,KDM5D,2,1,0.6469907407407407,0.5277777777777778,-0.11921296296296291,True
SIG_UST_MH2,T_UNIFI_MH_W8,GSE206285_UNIFI,LCN2,2,1,0.4852767265846737,0.5751537369914853,0.08987701040681162,True
SIG_UST_MH2,T_UNIFI_MH_W8,GSE206285_UNIFI,KDM5D,2,1,0.4852767265846737,0.43433656575212876,-0.050940160832544934,False
SIG_UST_MH2,T_UNIFI_REM_W8,GSE206285_UNIFI,LCN2,2,1,0.5286686103012633,0.5868480725623583,0.05817946226109494,True
SIG_UST_MH2,T_UNIFI_REM_W8,GSE206285_UNIFI,KDM5D,2,1,0.5286686103012633,0.48730158730158735,-0.041367022999675984,False
SIG_VDZ4,T_EMTAB7604_ER,E-MTAB-7604_ATNF,PIWIL1,4,3,0.4911111111111111,0.41333333333333333,-0.07777777777777778,False
SIG_VDZ4,T_EMTAB7604_ER,E-MTAB-7604_ATNF,MAATS1,4,3,0.4911111111111111,0.4422222222222222,-0.048888888888888926,False
SIG_VDZ4,T_EMTAB7604_ER,E-MTAB-7604_ATNF,RGS13,4,3,0.4911111111111111,0.5577777777777777,0.0666666666666666,True
SIG_VDZ4,T_EMTAB7604_ER,E-MTAB-7604_ATNF,DCHS2,4,3,0.4911111111111111,0.47111111111111115,-0.019999999999999962,False
SIG_VDZ4,T_PROGECT_MH_W6,GSE212849_PROGECT,PIWIL1,4,3,0.40891912320483753,0.44897959183673475,0.04006046863189722,False
SIG_VDZ4,T_PROGECT_MH_W6,GSE212849_PROGECT,MAATS1,4,3,0.40891912320483753,0.41345427059712775,0.0045351473922902175,False
SIG_VDZ4,T_PROGECT_MH_W6,GSE212849_PROGECT,RGS13,4,3,0.40891912320483753,0.3786848072562358,-0.03023431594860171,False
SIG_VDZ4,T_PROGECT_MH_W6,GSE212849_PROGECT,DCHS2,4,3,0.40891912320483753,0.4520030234315948,0.04308390022675729,False
SIG_VDZ_ANDO7,T_EMTAB7604_ER,E-MTAB-7604_ATNF,ARMC2,7,6,0.4666666666666667,0.43777777777777777,-0.02888888888888891,False
SIG_VDZ_ANDO7,T_EMTAB7604_ER,E-MTAB-7604_ATNF,BCL11B,7,6,0.4666666666666667,0.4244444444444444,-0.04222222222222227,False
SIG_VDZ_ANDO7,T_EMTAB7604_ER,E-MTAB-7604_ATNF,CDH23,7,6,0.4666666666666667,0.4422222222222223,-0.02444444444444438,False
SIG_VDZ_ANDO7,T_EMTAB7604_ER,E-MTAB-7604_ATNF,CRB2,7,6,0.4666666666666667,0.4711111111111111,0.0044444444444444176,False
SIG_VDZ_ANDO7,T_EMTAB7604_ER,E-MTAB-7604_ATNF,MEGF6,7,6,0.4666666666666667,0.4866666666666666,0.019999999999999907,False
SIG_VDZ_ANDO7,T_EMTAB7604_ER,E-MTAB-7604_ATNF,NAPSB,7,6,0.4666666666666667,0.47777777777777775,0.011111111111111072,False
SIG_VDZ_ANDO7,T_EMTAB7604_ER,E-MTAB-7604_ATNF,BCAP31,7,6,0.4666666666666667,0.46222222222222226,-0.0044444444444444176,False
SIG_VDZ_ANDO7,T_PROGECT_MH_W6,GSE212849_PROGECT,ARMC2,7,6,0.4452003023431595,0.43008314436885864,-0.015117157974300854,False
SIG_VDZ_ANDO7,T_PROGECT_MH_W6,GSE212849_PROGECT,BCL11B,7,6,0.4452003023431595,0.44217687074829937,-0.0030234315948601265,False
SIG_VDZ_ANDO7,T_PROGECT_MH_W6,GSE212849_PROGECT,CDH23,7,6,0.4452003023431595,0.43839758125472406,-0.006802721088435437,False
SIG_VDZ_ANDO7,T_PROGECT_MH_W6,GSE212849_PROGECT,CRB2,7,6,0.4452003023431595,0.4444444444444444,-0.0007558578987150733,False
SIG_VDZ_ANDO7,T_PROGECT_MH_W6,GSE212849_PROGECT,MEGF6,7,6,0.4452003023431595,0.4520030234315948,0.006802721088435326,False
SIG_VDZ_ANDO7,T_PROGECT_MH_W6,GSE212849_PROGECT,NAPSB,7,6,0.4452003023431595,0.45729402872260017,0.012093726379440672,False
SIG_VDZ_ANDO7,T_PROGECT_MH_W6,GSE212849_PROGECT,BCAP31,7,6,0.4452003023431595,0.45729402872260017,0.012093726379440672,False
SIG_VDZ_ANDO7,T_PURSUIT_CR_W6,GSE92415_PURSUIT,ARMC2,7,6,0.568287037037037,0.5439814814814815,-0.02430555555555547,True
SIG_VDZ_ANDO7,T_PURSUIT_CR_W6,GSE92415_PURSUIT,BCL11B,7,6,0.568287037037037,0.6053240740740741,0.03703703703703709,True
SIG_VDZ_ANDO7,T_PURSUIT_CR_W6,GSE92415_PURSUIT,CDH23,7,6,0.568287037037037,0.5219907407407407,-0.04629629629629628,True
SIG_VDZ_ANDO7,T_PURSUIT_CR_W6,GSE92415_PURSUIT,CRB2,7,6,0.568287037037037,0.47337962962962965,-0.09490740740740733,False
SIG_VDZ_ANDO7,T_PURSUIT_CR_W6,GSE92415_PURSUIT,MEGF6,7,6,0.568287037037037,0.5601851851851852,-0.008101851851851749,True
SIG_VDZ_ANDO7,T_PURSUIT_CR_W6,GSE92415_PURSUIT,NAPSB,7,6,0.568287037037037,0.6041666666666666,0.03587962962962965,True
SIG_VDZ_ANDO7,T_PURSUIT_CR_W6,GSE92415_PURSUIT,BCAP31,7,6,0.568287037037037,0.5798611111111112,0.011574074074074181,True
SIG_VDZ_ANDO7,T_UNIFI_MH_W8,GSE206285_UNIFI,ARMC2,7,6,0.4684247871333964,0.47688032166508987,0.008455534531693454,False
SIG_VDZ_ANDO7,T_UNIFI_MH_W8,GSE206285_UNIFI,BCL11B,7,6,0.4684247871333964,0.4829706717123936,0.014545884578997192,False
SIG_VDZ_ANDO7,T_UNIFI_MH_W8,GSE206285_UNIFI,CDH23,7,6,0.4684247871333964,0.43773651844843897,-0.030688268684957443,False
SIG_VDZ_ANDO7,T_UNIFI_MH_W8,GSE206285_UNIFI,CRB2,7,6,0.4684247871333964,0.46730132450331124,-0.0011234626300851702,False
SIG_VDZ_ANDO7,T_UNIFI_MH_W8,GSE206285_UNIFI,MEGF6,7,6,0.4684247871333964,0.4604422894985808,-0.007982497634815622,False
SIG_VDZ_ANDO7,T_UNIFI_MH_W8,GSE206285_UNIFI,NAPSB,7,6,0.4684247871333964,0.45417455061494794,-0.014250236518448478,False
SIG_VDZ_ANDO7,T_UNIFI_MH_W8,GSE206285_UNIFI,BCAP31,7,6,0.4684247871333964,0.49645222327341526,0.028027436140018847,False
SIG_VDZ_ANDO7,T_UNIFI_REM_W8,GSE206285_UNIFI,ARMC2,7,6,0.4498218334953029,0.46841593780369295,0.018594104308390036,False
SIG_VDZ_ANDO7,T_UNIFI_REM_W8,GSE206285_UNIFI,BCL11B,7,6,0.4498218334953029,0.45999352121801107,0.010171687722708156,False
SIG_VDZ_ANDO7,T_UNIFI_REM_W8,GSE206285_UNIFI,CDH23,7,6,0.4498218334953029,0.4134110787172011,-0.036410754778101795,False
SIG_VDZ_ANDO7,T_UNIFI_REM_W8,GSE206285_UNIFI,CRB2,7,6,0.4498218334953029,0.4329770003239391,-0.016844833171363816,False
SIG_VDZ_ANDO7,T_UNIFI_REM_W8,GSE206285_UNIFI,MEGF6,7,6,0.4498218334953029,0.45053449951409136,0.0007126660187884437,False
SIG_VDZ_ANDO7,T_UNIFI_REM_W8,GSE206285_UNIFI,NAPSB,7,6,0.4498218334953029,0.44412050534499514,-0.005701328150307772,False
SIG_VDZ_ANDO7,T_UNIFI_REM_W8,GSE206285_UNIFI,BCAP31,7,6,0.4498218334953029,0.47962423064463877,0.029802397149335857,False
SIG_VDZ_ANDO7,T_UNITI2_CR_W8,GSE112366_UNITI2_ILEUM,ARMC2,7,6,0.4599780701754386,0.4736842105263158,0.013706140350877194,False
SIG_VDZ_ANDO7,T_UNITI2_CR_W8,GSE112366_UNITI2_ILEUM,BCL11B,7,6,0.4599780701754386,0.4336622807017544,-0.026315789473684237,False
SIG_VDZ_ANDO7,T_UNITI2_CR_W8,GSE112366_UNITI2_ILEUM,CDH23,7,6,0.4599780701754386,0.4676535087719299,0.00767543859649128,False
SIG_VDZ_ANDO7,T_UNITI2_CR_W8,GSE112366_UNITI2_ILEUM,CRB2,7,6,0.4599780701754386,0.4314692982456141,-0.02850877192982454,False
SIG_VDZ_ANDO7,T_UNITI2_CR_W8,GSE112366_UNITI2_ILEUM,MEGF6,7,6,0.4599780701754386,0.4621710526315789,0.002192982456140302,False
SIG_VDZ_ANDO7,T_UNITI2_CR_W8,GSE112366_UNITI2_ILEUM,NAPSB,7,6,0.4599780701754386,0.45230263157894735,-0.00767543859649128,False
SIG_VDZ_ANDO7,T_UNITI2_CR_W8,GSE112366_UNITI2_ILEUM,BCAP31,7,6,0.4599780701754386,0.48574561403508765,0.025767543859649022,False
