signature_id,task_id,dataset_id,trial_id,evaluation_role,same_therapy,same_endpoint,same_disease,alignment_score,n_subjects,n_genes_used,frozen_auroc,z_recomputed_auroc,mad_auroc,rank_auroc,scaling_auroc_min,scaling_auroc_max,scaling_max_abs_delta,all_scalings_same_direction,frozen_classification,bootstrap_probability_auc_gt_0_5,jackknife_min_auroc,jackknife_max_auroc,jackknife_max_abs_delta,loo_gene_min_auroc,loo_gene_max_auroc,loo_gene_direction_retention_fraction,most_influential_gene,most_influential_gene_delta_auroc,orientation_patterns,published_orientation_percentile,orientation_null_min_auroc,orientation_null_median_auroc,orientation_null_max_auroc
SIG_ATNF_7GENE,T_PROGECT_MH_W6,GSE212849_PROGECT,TRIAL_PROGECT,WITHIN_THERAPY_ENDPOINT_OR_DISEASE_TRANSPORT,True,False,True,2,84,7,0.721088,0.7210884353741497,0.7218442932728647,0.718442932728647,0.718442932728647,0.7218442932728647,0.002645502645502673,True,SUPPORTED_DIRECTION,1.0,0.7071428571428571,0.7373015873015873,0.016213151927437663,0.709750566893424,0.72713529856387,1.0,PCBP3,-0.01133786848072571,128,95.703125,0.2456538170823885,0.49999999999999994,0.7543461829176115
SIG_ATNF_7GENE,T_PURSUIT_CR_W6,GSE92415_PURSUIT,TRIAL_PURSUIT_SC,SAME_THERAPY_SAME_ENDPOINT_EXTERNAL,True,True,True,3,59,7,0.604167,0.6041666666666666,0.6018518518518519,0.5896990740740741,0.5896990740740741,0.6041666666666666,0.01446759259259256,True,UNCERTAIN_OR_NONTRANSPORTABLE,0.917,0.5901442307692308,0.6236559139784946,0.019489247311827995,0.579861111111111,0.6215277777777779,1.0,WNK2,-0.02430555555555558,128,85.546875,0.3113425925925926,0.5,0.6886574074074074
SIG_ATNF_7GENE,T_UNIFI_MH_W8,GSE206285_UNIFI,TRIAL_UNIFI,CROSS_THERAPY_TRANSPORT_STRESS_TEST,False,False,True,1,358,7,0.709319,0.7093188268684957,0.7112109744560076,0.7137535477767266,0.7093188268684957,0.7137535477767266,0.004434720908230938,True,SUPPORTED_DIRECTION,1.0,0.70421432871764,0.7193257074051775,0.010006880536681861,0.6820009460737937,0.7267029328287608,1.0,WNK2,-0.027317880794701987,128,95.703125,0.26708845789971614,0.49999999999999994,0.7329115421002839
SIG_ATNF_7GENE,T_UNIFI_REM_W8,GSE206285_UNIFI,TRIAL_UNIFI,CROSS_THERAPY_TRANSPORT_STRESS_TEST,False,False,True,1,364,7,0.700292,0.7002915451895043,0.7011985746679624,0.7037900874635569,0.7002915451895043,0.7037900874635569,0.003498542274052552,True,SUPPORTED_DIRECTION,1.0,0.6942460317460317,0.7117063492063492,0.011414804016844915,0.6758665370910268,0.7108519598315517,1.0,WNK2,-0.024425008098477474,128,98.046875,0.2909620991253644,0.5,0.7090379008746356
SIG_ATNF_7GENE,T_UNITI2_CR_W8,GSE112366_UNITI2_ILEUM,TRIAL_UNITI2,CROSS_THERAPY_TRANSPORT_STRESS_TEST,False,True,True,2,86,7,0.529605,0.5296052631578947,0.5416666666666666,0.5238486842105263,0.5238486842105263,0.5416666666666666,0.01206140350877194,True,UNCERTAIN_OR_NONTRANSPORTABLE,0.6765,0.5180180180180181,0.5427927927927928,0.01318752963489811,0.506578947368421,0.5548245614035088,1.0,FAM155A,0.025219298245614086,128,68.359375,0.37390350877192985,0.5,0.6260964912280702
SIG_ATNF_ARJIS5,T_EMTAB7604_ER,E-MTAB-7604_ATNF,COHORT_EMTAB7604,WITHIN_THERAPY_ENDPOINT_OR_DISEASE_TRANSPORT,True,False,False,1,43,5,0.702222,0.7022222222222222,0.6955555555555556,0.7033333333333334,0.6955555555555556,0.7033333333333334,0.006666666666666599,True,SUPPORTED_DIRECTION,0.9895,0.684705882352941,0.7435294117647059,0.04130718954248369,0.6777777777777777,0.711111111111111,1.0,IL13RA2,-0.02444444444444449,32,85.9375,0.25111111111111106,0.49999999999999994,0.7488888888888889
SIG_ATNF_ARJIS5,T_PROGECT_MH_W6,GSE212849_PROGECT,TRIAL_PROGECT,SAME_THERAPY_SAME_ENDPOINT_EXTERNAL,True,True,True,3,84,5,0.648526,0.6485260770975056,0.6485260770975056,0.6496598639455783,0.6485260770975056,0.6496598639455783,0.0011337868480726376,True,SUPPORTED_DIRECTION,0.9885,0.6317460317460317,0.6698412698412699,0.021315192743764255,0.6326530612244898,0.6674225245653818,1.0,TNFRSF11B,0.01889644746787611,32,82.8125,0.28722600151171584,0.5,0.7127739984882842
SIG_ATNF_ARJIS5,T_PURSUIT_CR_W6,GSE92415_PURSUIT,TRIAL_PURSUIT_SC,WITHIN_THERAPY_ENDPOINT_OR_DISEASE_TRANSPORT,True,False,True,2,59,5,0.658565,0.6585648148148149,0.6481481481481481,0.6539351851851852,0.6481481481481481,0.6585648148148149,0.01041666666666674,True,SUPPORTED_DIRECTION,0.984,0.6454326923076923,0.6802884615384616,0.021723646723646683,0.6354166666666666,0.6747685185185185,1.0,IL13RA2,-0.02314814814814825,32,85.9375,0.2777777777777778,0.5,0.7222222222222222
SIG_ATNF_ARJIS5,T_UNIFI_MH_W8,GSE206285_UNIFI,TRIAL_UNIFI,CROSS_THERAPY_TRANSPORT_STRESS_TEST,False,True,True,2,358,5,0.712039,0.712038789025544,0.7156456953642385,0.709703169347209,0.709703169347209,0.7156456953642385,0.0036069063386945377,True,SUPPORTED_DIRECTION,1.0,0.7068633353401566,0.7234196267308851,0.011380837705341151,0.7023415326395459,0.7187204351939451,1.0,IL11,-0.009697256385998054,32,92.1875,0.2853003784295175,0.5,0.7146996215704826
SIG_ATNF_ARJIS5,T_UNIFI_REM_W8,GSE206285_UNIFI,TRIAL_UNIFI,CROSS_THERAPY_TRANSPORT_STRESS_TEST,False,False,True,1,364,5,0.685002,0.6850016196954972,0.6905085843861354,0.6853903466148363,0.6850016196954972,0.6905085843861354,0.005506964690638161,True,SUPPORTED_DIRECTION,1.0,0.678505291005291,0.6975529100529101,0.01255129035741287,0.6766439909297052,0.7011337868480725,1.0,IL13RA2,0.01613216715257526,32,95.3125,0.29193391642371236,0.5,0.7080660835762876
SIG_ATNF_ARJIS5,T_UNITI2_CR_W8,GSE112366_UNITI2_ILEUM,TRIAL_UNITI2,CROSS_THERAPY_TRANSPORT_STRESS_TEST,False,False,False,0,86,5,0.596491,0.5964912280701754,0.594298245614035,0.5830592105263157,0.5830592105263157,0.5964912280701754,0.013432017543859698,True,UNCERTAIN_OR_NONTRANSPORTABLE,0.9405,0.5855855855855856,0.6126126126126126,0.016121384542437167,0.5663377192982456,0.6222587719298246,1.0,STC1,-0.030153508771929793,32,85.9375,0.35581140350877194,0.5,0.6441885964912282
SIG_ATNF_OSM1,T_EMTAB7604_ER,E-MTAB-7604_ATNF,COHORT_EMTAB7604,WITHIN_THERAPY_ENDPOINT_OR_DISEASE_TRANSPORT,True,False,True,2,43,1,0.728889,0.7288888888888889,0.7288888888888889,0.7288888888888889,0.7288888888888889,0.7288888888888889,0.0,True,SUPPORTED_DIRECTION,0.995,0.7129411764705883,0.7576470588235293,0.02875816993464042,,,,,,2,75.0,0.27111111111111114,0.5,0.7288888888888889
SIG_ATNF_OSM1,T_PROGECT_MH_W6,GSE212849_PROGECT,TRIAL_PROGECT,WITHIN_THERAPY_ENDPOINT_OR_DISEASE_TRANSPORT,True,False,True,2,84,1,0.553288,0.5532879818594104,0.5532879818594104,0.5532879818594104,0.5532879818594104,0.5532879818594104,0.0,True,UNCERTAIN_OR_NONTRANSPORTABLE,0.7575,0.534920634920635,0.5777777777777778,0.02448979591836742,,,,,,2,75.0,0.44671201814058964,0.5,0.5532879818594104
SIG_ATNF_OSM1,T_PURSUIT_CR_W6,GSE92415_PURSUIT,TRIAL_PURSUIT_SC,WITHIN_THERAPY_ENDPOINT_OR_DISEASE_TRANSPORT,True,False,True,2,59,1,0.662037,0.662037037037037,0.662037037037037,0.662037037037037,0.662037037037037,0.662037037037037,0.0,True,SUPPORTED_DIRECTION,0.9885,0.6490384615384616,0.6821983273596176,0.020161290322580627,,,,,,2,75.0,0.337962962962963,0.5,0.662037037037037
SIG_ATNF_OSM1,T_UNIFI_MH_W8,GSE206285_UNIFI,TRIAL_UNIFI,CROSS_THERAPY_TRANSPORT_STRESS_TEST,False,False,True,1,358,1,0.640935,0.6409354304635762,0.6409354304635762,0.6409354304635762,0.6409354304635762,0.6409354304635762,0.0,True,SUPPORTED_DIRECTION,1.0,0.6344671884406984,0.6505418422636965,0.00960641180012034,,,,,,2,75.0,0.35906456953642385,0.5,0.6409354304635762
SIG_ATNF_OSM1,T_UNIFI_REM_W8,GSE206285_UNIFI,TRIAL_UNIFI,CROSS_THERAPY_TRANSPORT_STRESS_TEST,False,False,True,1,364,1,0.622902,0.6229024943310657,0.6229024943310657,0.6229024943310657,0.6229024943310657,0.6229024943310657,0.0,True,SUPPORTED_DIRECTION,0.999,0.6151124338624339,0.6336309523809525,0.010728458049886758,,,,,,2,75.0,0.3770975056689343,0.5,0.6229024943310657
SIG_ATNF_OSM1,T_UNITI2_CR_W8,GSE112366_UNITI2_ILEUM,TRIAL_UNITI2,CROSS_THERAPY_TRANSPORT_STRESS_TEST,False,False,True,1,86,1,0.489035,0.4890350877192982,0.4890350877192982,0.4890350877192982,0.4890350877192982,0.4890350877192982,0.0,True,UNCERTAIN_OR_NONTRANSPORTABLE,0.4375,0.4752252252252252,0.5022522522522523,0.01380986249407301,,,,,,2,25.0,0.4890350877192982,0.5,0.5109649122807017
SIG_CROSS_UC4,T_EMTAB7604_ER,E-MTAB-7604_ATNF,COHORT_EMTAB7604,WITHIN_THERAPY_ENDPOINT_OR_DISEASE_TRANSPORT,True,False,False,1,43,4,0.668889,0.6688888888888889,0.6733333333333333,0.6755555555555555,0.6688888888888889,0.6755555555555555,0.006666666666666599,True,UNCERTAIN_OR_NONTRANSPORTABLE,0.9705,0.6517647058823529,0.7035294117647058,0.03464052287581698,0.6488888888888888,0.6733333333333333,1.0,VNN2,-0.020000000000000018,16,90.625,0.3222222222222222,0.5,0.6777777777777777
SIG_CROSS_UC4,T_PROGECT_MH_W6,GSE212849_PROGECT,TRIAL_PROGECT,SAME_THERAPY_SAME_ENDPOINT_EXTERNAL,True,True,True,3,84,4,0.650038,0.6500377928949358,0.6515495086923657,0.652305366591081,0.6500377928949358,0.652305366591081,0.0022675736961451642,True,SUPPORTED_DIRECTION,0.9895,0.6357142857142857,0.6722222222222223,0.02218442932728648,0.618291761148904,0.6606198034769463,1.0,IGFBP5,-0.031746031746031744,16,78.125,0.3280423280423281,0.5,0.671957671957672
SIG_CROSS_UC4,T_PURSUIT_CR_W6,GSE92415_PURSUIT,TRIAL_PURSUIT_SC,WITHIN_THERAPY_ENDPOINT_OR_DISEASE_TRANSPORT,True,False,True,2,59,4,0.678241,0.6782407407407408,0.6770833333333334,0.6869212962962963,0.6770833333333334,0.6869212962962963,0.00868055555555547,True,SUPPORTED_DIRECTION,0.9925,0.6670673076923077,0.7001194743130228,0.021878733572281983,0.6539351851851851,0.6840277777777778,1.0,SELE,-0.02430555555555569,16,90.625,0.31018518518518523,0.5,0.6898148148148149
SIG_CROSS_UC4,T_UNIFI_MH_W8,GSE206285_UNIFI,TRIAL_UNIFI,CROSS_THERAPY_TRANSPORT_STRESS_TEST,False,True,True,2,358,4,0.721618,0.7216177861873226,0.7214403973509933,0.7204943235572375,0.7204943235572375,0.7216177861873226,0.0011234626300851147,True,SUPPORTED_DIRECTION,1.0,0.7169175195665262,0.733112582781457,0.011494796594134327,0.7089049195837275,0.7223864711447493,1.0,IGFBP5,-0.012712866603595163,16,96.875,0.27838221381267736,0.5,0.7216177861873226
SIG_CROSS_UC4,T_UNIFI_REM_W8,GSE206285_UNIFI,TRIAL_UNIFI,CROSS_THERAPY_TRANSPORT_STRESS_TEST,False,False,True,1,364,4,0.70379,0.7037900874635569,0.7057985098801426,0.7038548752834467,0.7037900874635569,0.7057985098801426,0.00200842241658572,True,SUPPORTED_DIRECTION,1.0,0.6978835978835979,0.7166666666666667,0.012876579203109806,0.6904437965662455,0.7098153547133139,1.0,IGFBP5,-0.01334629089731132,16,96.875,0.2962099125364432,0.5,0.7037900874635569
SIG_CROSS_UC4,T_UNITI2_CR_W8,GSE112366_UNITI2_ILEUM,TRIAL_UNITI2,CROSS_THERAPY_TRANSPORT_STRESS_TEST,False,False,False,0,86,4,0.632127,0.632127192982456,0.6463815789473684,0.6370614035087719,0.632127192982456,0.6463815789473684,0.014254385964912353,True,SUPPORTED_DIRECTION,0.982,0.6221846846846848,0.6444568868980962,0.012329693915640205,0.6140350877192983,0.6705043859649122,1.0,VNN2,0.03837719298245623,16,90.625,0.3481359649122807,0.5,0.6518640350877194
SIG_UST4_COEF,T_EMTAB7604_ER,E-MTAB-7604_ATNF,COHORT_EMTAB7604,CROSS_THERAPY_TRANSPORT_STRESS_TEST,False,False,False,0,43,4,0.462222,0.46222222222222226,0.4688888888888889,0.44,0.44,0.4688888888888889,0.022222222222222254,True,UNCERTAIN_OR_NONTRANSPORTABLE,0.322,0.43529411764705883,0.4894117647058823,0.027189542483660067,0.4422222222222222,0.5222222222222221,0.25,CFI,0.05999999999999989,16,43.75,0.42444444444444446,0.5,0.5755555555555555
SIG_UST4_COEF,T_PROGECT_MH_W6,GSE212849_PROGECT,TRIAL_PROGECT,CROSS_THERAPY_TRANSPORT_STRESS_TEST,False,False,False,0,84,4,0.619048,0.6190476190476191,0.6160241874527589,0.5941043083900227,0.5941043083900227,0.6190476190476191,0.024943310657596363,True,UNCERTAIN_OR_NONTRANSPORTABLE,0.9525,0.6023809523809525,0.6484126984126983,0.02936507936507926,0.417989417989418,0.6243386243386243,0.75,CFI,-0.20105820105820105,16,84.375,0.3688586545729403,0.5,0.6311413454270597
SIG_UST4_COEF,T_PURSUIT_CR_W6,GSE92415_PURSUIT,TRIAL_PURSUIT_SC,CROSS_THERAPY_TRANSPORT_STRESS_TEST,False,True,False,1,59,4,0.587963,0.5879629629629629,0.5844907407407407,0.59375,0.5844907407407407,0.59375,0.0057870370370370905,True,UNCERTAIN_OR_NONTRANSPORTABLE,0.8845,0.5721153846153846,0.6069711538461539,0.019008190883190945,0.5243055555555556,0.6018518518518519,1.0,CFI,-0.06365740740740733,16,65.625,0.3912037037037037,0.5,0.6087962962962964
SIG_UST4_COEF,T_UNIFI_MH_W8,GSE206285_UNIFI,TRIAL_UNIFI,WITHIN_THERAPY_ENDPOINT_OR_DISEASE_TRANSPORT,True,False,False,1,358,4,0.626478,0.6264782403027437,0.6251182592242195,0.6278973509933774,0.6251182592242195,0.6278973509933774,0.001419110690633718,True,SUPPORTED_DIRECTION,0.999,0.6198675496688743,0.6378085490668272,0.011330308764083474,0.5122989593188269,0.63191816461684,1.0,CFI,-0.11417928098391683,16,65.625,0.3642975402081362,0.5,0.6357024597918637
SIG_UST4_COEF,T_UNIFI_REM_W8,GSE206285_UNIFI,TRIAL_UNIFI,WITHIN_THERAPY_ENDPOINT_OR_DISEASE_TRANSPORT,True,False,False,1,364,4,0.6839,0.6839002267573695,0.6831875607385811,0.6809199870424361,0.6809199870424361,0.6839002267573695,0.0029802397149334414,True,SUPPORTED_DIRECTION,1.0,0.6775132275132275,0.6973544973544974,0.013454270597127893,0.549789439585358,0.6880466472303207,1.0,CFI,-0.13411078717201153,16,84.375,0.3087787495950761,0.5,0.6912212504049238
SIG_UST_HUB4,T_EMTAB7604_ER,E-MTAB-7604_ATNF,COHORT_EMTAB7604,CROSS_THERAPY_TRANSPORT_STRESS_TEST,False,False,False,0,43,4,0.613333,0.6133333333333333,0.6088888888888888,0.6044444444444445,0.6044444444444445,0.6133333333333333,0.008888888888888835,True,UNCERTAIN_OR_NONTRANSPORTABLE,0.9045,0.5905882352941176,0.6447058823529411,0.03137254901960784,0.5866666666666667,0.6311111111111112,1.0,DUOX2,-0.026666666666666616,16,84.375,0.33555555555555555,0.5,0.6644444444444444
SIG_UST_HUB4,T_PROGECT_MH_W6,GSE212849_PROGECT,TRIAL_PROGECT,CROSS_THERAPY_TRANSPORT_STRESS_TEST,False,False,False,0,84,4,0.483749,0.48374905517762656,0.47694633408919124,0.4739229024943311,0.4739229024943311,0.48374905517762656,0.009826152683295453,True,UNCERTAIN_OR_NONTRANSPORTABLE,0.4105,0.4595238095238095,0.5079365079365079,0.024225245653817062,0.46258503401360546,0.5011337868480726,0.25,PDZK1IP1,-0.021164021164021107,16,34.375,0.4444444444444444,0.5,0.5555555555555556
SIG_UST_HUB4,T_PURSUIT_CR_W6,GSE92415_PURSUIT,TRIAL_PURSUIT_SC,CROSS_THERAPY_TRANSPORT_STRESS_TEST,False,True,False,1,59,4,0.5625,0.5625,0.5590277777777778,0.5381944444444445,0.5381944444444445,0.5625,0.02430555555555547,True,UNCERTAIN_OR_NONTRANSPORTABLE,0.798,0.548076923076923,0.5817307692307693,0.019230769230769273,0.5578703703703705,0.5729166666666667,1.0,LCN2,0.01041666666666674,16,81.25,0.42708333333333337,0.5,0.5729166666666667
SIG_UST_HUB4,T_UNIFI_MH_W8,GSE206285_UNIFI,TRIAL_UNIFI,WITHIN_THERAPY_ENDPOINT_OR_DISEASE_TRANSPORT,True,False,False,1,358,4,0.441462,0.4414616840113529,0.44039735099337746,0.44208254493850524,0.44039735099337746,0.44208254493850524,0.0010643330179754273,True,UNCERTAIN_OR_NONTRANSPORTABLE,0.0755,0.4322095123419627,0.4493076459963877,0.009252171669390186,0.4338930936613056,0.4499763481551561,0.0,MUC1,0.008514664143803197,16,21.875,0.41118732261116364,0.5,0.5888126773888364
SIG_UST_HUB4,T_UNIFI_REM_W8,GSE206285_UNIFI,TRIAL_UNIFI,WITHIN_THERAPY_ENDPOINT_OR_DISEASE_TRANSPORT,True,False,False,1,364,4,0.489796,0.4897959183673469,0.48882410106899904,0.49721412374473595,0.48882410106899904,0.49721412374473595,0.00741820537738902,True,UNCERTAIN_OR_NONTRANSPORTABLE,0.3935,0.4800925925925925,0.49947089947089945,0.009703325774754412,0.48247489471979266,0.5017816650469711,0.25,MUC1,0.011985746679624154,16,46.875,0.3875607385811468,0.49999999999999994,0.6124392614188532
SIG_UST_MH2,T_EMTAB7604_ER,E-MTAB-7604_ATNF,COHORT_EMTAB7604,CROSS_THERAPY_TRANSPORT_STRESS_TEST,False,False,False,0,43,2,0.584444,0.5844444444444444,0.5688888888888889,0.611111111111111,0.5688888888888889,0.611111111111111,0.026666666666666616,True,UNCERTAIN_OR_NONTRANSPORTABLE,0.833,0.56,0.6164705882352941,0.03202614379084967,0.5544444444444445,0.611111111111111,1.0,LCN2,-0.029999999999999916,4,62.5,0.3977777777777778,0.5,0.6022222222222222
SIG_UST_MH2,T_PROGECT_MH_W6,GSE212849_PROGECT,TRIAL_PROGECT,CROSS_THERAPY_TRANSPORT_STRESS_TEST,False,True,False,1,84,2,0.506425,0.5064247921390779,0.4928193499622071,0.5238095238095237,0.4928193499622071,0.5238095238095237,0.017384731670445852,False,UNCERTAIN_OR_NONTRANSPORTABLE,0.5375,0.4817460317460318,0.5317460317460317,0.02532123960695387,0.4860166288737717,0.5479969765684052,0.5,LCN2,0.04157218442932731,4,87.5,0.4935752078609221,0.5,0.5064247921390779
SIG_UST_MH2,T_PURSUIT_CR_W6,GSE92415_PURSUIT,TRIAL_PURSUIT_SC,CROSS_THERAPY_TRANSPORT_STRESS_TEST,False,False,False,0,59,2,0.646991,0.6469907407407407,0.6412037037037037,0.6030092592592593,0.6030092592592593,0.6469907407407407,0.0439814814814814,True,UNCERTAIN_OR_NONTRANSPORTABLE,0.9805,0.6346153846153846,0.6678614097968937,0.02087066905615298,0.5277777777777778,0.6122685185185185,1.0,KDM5D,-0.11921296296296291,4,87.5,0.3530092592592593,0.5,0.6469907407407407
SIG_UST_MH2,T_UNIFI_MH_W8,GSE206285_UNIFI,TRIAL_UNIFI,WITHIN_THERAPY_ENDPOINT_OR_DISEASE_TRANSPORT,True,True,False,2,358,2,0.485277,0.4852767265846737,0.48332544938505206,0.5068294701986755,0.48332544938505206,0.5068294701986755,0.021552743614001835,False,UNCERTAIN_OR_NONTRANSPORTABLE,0.3635,0.47603853100541843,0.4932570740517761,0.00923819557925526,0.43433656575212876,0.5751537369914853,0.5,LCN2,0.08987701040681162,4,37.5,0.4234862819299905,0.5,0.5765137180700094
SIG_UST_MH2,T_UNIFI_REM_W8,GSE206285_UNIFI,TRIAL_UNIFI,WITHIN_THERAPY_ENDPOINT_OR_DISEASE_TRANSPORT,True,False,False,1,364,2,0.528669,0.5286686103012633,0.526465824425008,0.5614836410754778,0.526465824425008,0.5614836410754778,0.03281503077421444,True,UNCERTAIN_OR_NONTRANSPORTABLE,0.7385,0.519510582010582,0.5387566137566138,0.010088003455350436,0.48730158730158735,0.5868480725623583,0.5,LCN2,0.05817946226109494,4,62.5,0.44606413994169103,0.5,0.5539358600583091
SIG_VDZ4,T_EMTAB7604_ER,E-MTAB-7604_ATNF,COHORT_EMTAB7604,CROSS_THERAPY_TRANSPORT_STRESS_TEST,False,True,False,1,43,4,0.491111,0.4911111111111111,0.5377777777777777,0.4933333333333333,0.4911111111111111,0.5377777777777777,0.04666666666666658,False,UNCERTAIN_OR_NONTRANSPORTABLE,0.4495,0.4722222222222222,0.52,0.02888888888888891,0.41333333333333333,0.5577777777777777,0.25,PIWIL1,-0.07777777777777778,16,40.625,0.38666666666666666,0.5,0.6133333333333333
SIG_VDZ4,T_PROGECT_MH_W6,GSE212849_PROGECT,TRIAL_PROGECT,CROSS_THERAPY_TRANSPORT_STRESS_TEST,False,False,True,1,84,4,0.408919,0.40891912320483753,0.3847316704459562,0.42328042328042326,0.3847316704459562,0.42328042328042326,0.024187452758881345,True,UNCERTAIN_OR_NONTRANSPORTABLE,0.1115,0.38015873015873025,0.4293650793650794,0.02876039304610728,0.3786848072562358,0.4520030234315948,0.0,DCHS2,0.04308390022675729,16,9.375,0.3764172335600907,0.5,0.6235827664399092
SIG_VDZ_ANDO7,T_EMTAB7604_ER,E-MTAB-7604_ATNF,COHORT_EMTAB7604,CROSS_THERAPY_TRANSPORT_STRESS_TEST,False,False,False,0,43,7,0.466667,0.4666666666666667,0.44888888888888884,0.4822222222222222,0.44888888888888884,0.4822222222222222,0.017777777777777837,True,UNCERTAIN_OR_NONTRANSPORTABLE,0.338,0.4470588235294118,0.4941176470588235,0.02745098039215682,0.4244444444444444,0.4866666666666666,0.0,BCL11B,-0.04222222222222227,128,39.84375,0.3244444444444444,0.5,0.6755555555555556
SIG_VDZ_ANDO7,T_PROGECT_MH_W6,GSE212849_PROGECT,TRIAL_PROGECT,CROSS_THERAPY_TRANSPORT_STRESS_TEST,False,True,True,2,84,7,0.4452,0.4452003023431595,0.44217687074829937,0.43839758125472406,0.43839758125472406,0.4452003023431595,0.006802721088435437,True,UNCERTAIN_OR_NONTRANSPORTABLE,0.218,0.4190476190476191,0.46746031746031746,0.02615268329554038,0.43008314436885864,0.45729402872260017,0.0,ARMC2,-0.015117157974300854,128,16.796875,0.41723356009070295,0.5,0.5827664399092971
SIG_VDZ_ANDO7,T_PURSUIT_CR_W6,GSE92415_PURSUIT,TRIAL_PURSUIT_SC,CROSS_THERAPY_TRANSPORT_STRESS_TEST,False,False,True,1,59,7,0.568287,0.568287037037037,0.5752314814814815,0.5711805555555556,0.568287037037037,0.5752314814814815,0.006944444444444531,True,UNCERTAIN_OR_NONTRANSPORTABLE,0.8125,0.5516826923076923,0.5889423076923077,0.02065527065527073,0.47337962962962965,0.6053240740740741,0.8571428571428571,CRB2,-0.09490740740740733,128,68.75,0.3287037037037037,0.5,0.6712962962962963
SIG_VDZ_ANDO7,T_UNIFI_MH_W8,GSE206285_UNIFI,TRIAL_UNIFI,CROSS_THERAPY_TRANSPORT_STRESS_TEST,False,True,True,2,358,7,0.468425,0.4684247871333964,0.4601466414380322,0.4673900189214759,0.4601466414380322,0.4684247871333964,0.008278145695364225,True,UNCERTAIN_OR_NONTRANSPORTABLE,0.2255,0.45942203491872363,0.47670078266104754,0.009002752214672782,0.43773651844843897,0.49645222327341526,0.0,CDH23,-0.030688268684957443,128,31.640625,0.37547303689687794,0.5,0.624526963103122
SIG_VDZ_ANDO7,T_UNIFI_REM_W8,GSE206285_UNIFI,TRIAL_UNIFI,CROSS_THERAPY_TRANSPORT_STRESS_TEST,False,False,True,1,364,7,0.449822,0.4498218334953029,0.44321347586653714,0.44820213799805636,0.44321347586653714,0.4498218334953029,0.006608357628765771,True,UNCERTAIN_OR_NONTRANSPORTABLE,0.1215,0.4397486772486773,0.45886243386243386,0.010073156246625636,0.4134110787172011,0.47962423064463877,0.0,CDH23,-0.036410754778101795,128,23.828125,0.3672173631357305,0.5,0.6327826368642695
SIG_VDZ_ANDO7,T_UNITI2_CR_W8,GSE112366_UNITI2_ILEUM,TRIAL_UNITI2,CROSS_THERAPY_TRANSPORT_STRESS_TEST,False,False,False,0,86,7,0.459978,0.4599780701754386,0.46326754385964913,0.41940789473684215,0.41940789473684215,0.46326754385964913,0.04057017543859648,True,UNCERTAIN_OR_NONTRANSPORTABLE,0.265,0.4453828828828828,0.4712837837837837,0.014595187292555822,0.4314692982456141,0.48574561403508765,0.0,CRB2,-0.02850877192982454,128,22.265625,0.4018640350877193,0.5,0.5981359649122807
